sample_id,direction,ftp,md5,filepath
sample001,forward,ftp.sra.ebi.ac.uk/vol1/run/ERR483/ERR4835448/sample001_S001_L001_R1_001.fastq.gz,fa56f1993a85d5ddfa60e5640fb46efd,fastq/sample001_S001_L001_R1_001.fastq.gz
sample001,reverse,ftp.sra.ebi.ac.uk/vol1/run/ERR483/ERR4835448/sample001_S001_L001_R2_001.fastq.gz,a5a9fc4b5dbb5fc3c89e41dd8b3e3219,fastq/sample001_S001_L001_R2_001.fastq.gz
sample002,forward,ftp.sra.ebi.ac.uk/vol1/run/ERR484/ERR4843941/sample002_S001_L001_R1_001.fastq.gz,1aad58de4f131654b19bcf1e7ddb4beb,fastq/sample002_S001_L001_R1_001.fastq.gz
sample002,reverse,ftp.sra.ebi.ac.uk/vol1/run/ERR484/ERR4843941/sample002_S001_L001_R2_001.fastq.gz,b35eea31e050bced0fae9dc5d02f8e06,fastq/sample002_S001_L001_R2_001.fastq.gz
sample003,forward,ftp.sra.ebi.ac.uk/vol1/run/ERR484/ERR4843942/sample003_S001_L001_R1_001.fastq.gz,9c22796ebf5e62753cc0a1c388bca475,fastq/sample003_S001_L001_R1_001.fastq.gz
sample003,reverse,ftp.sra.ebi.ac.uk/vol1/run/ERR484/ERR4843942/sample003_S001_L001_R2_001.fastq.gz,8bb0bc3eaa14a43cbf432fd91dbb0d59,fastq/sample003_S001_L001_R2_001.fastq.gz
sample004,forward,ftp.sra.ebi.ac.uk/vol1/run/ERR483/ERR4836298/sample004_S001_L001_R1_001.fastq.gz,867683ca73a8b8f195428773bba85677,fastq/sample004_S001_L001_R1_001.fastq.gz
sample004,reverse,ftp.sra.ebi.ac.uk/vol1/run/ERR483/ERR4836298/sample004_S001_L001_R2_001.fastq.gz,7bb614ac03b4f10f425a09fbeb9861ae,fastq/sample004_S001_L001_R2_001.fastq.gz
sample005,forward,ftp.sra.ebi.ac.uk/vol1/run/ERR483/ERR4836299/sample005_S001_L001_R1_001.fastq.gz,6d94426e862021be3260e4b08902374c,fastq/sample005_S001_L001_R1_001.fastq.gz
sample005,reverse,ftp.sra.ebi.ac.uk/vol1/run/ERR483/ERR4836299/sample005_S001_L001_R2_001.fastq.gz,6b61463638bff42890733676f9cd98e7,fastq/sample005_S001_L001_R2_001.fastq.gz
sample006,forward,ftp.sra.ebi.ac.uk/vol1/run/ERR483/ERR4836300/sample006_S001_L001_R1_001.fastq.gz,fca9b9bdc1cc8d589aed2b6dbef7cad8,fastq/sample006_S001_L001_R1_001.fastq.gz
sample006,reverse,ftp.sra.ebi.ac.uk/vol1/run/ERR483/ERR4836300/sample006_S001_L001_R2_001.fastq.gz,e372a342f332412e378e709cf0160be8,fastq/sample006_S001_L001_R2_001.fastq.gz
sample007,forward,ftp.sra.ebi.ac.uk/vol1/run/ERR483/ERR4836301/sample007_S001_L001_R1_001.fastq.gz,df579313f1face184311a11918d3320c,fastq/sample007_S001_L001_R1_001.fastq.gz
sample007,reverse,ftp.sra.ebi.ac.uk/vol1/run/ERR483/ERR4836301/sample007_S001_L001_R2_001.fastq.gz,87b8e5432618fea034fe8cb94f876384,fastq/sample007_S001_L001_R2_001.fastq.gz
sample008,forward,ftp.sra.ebi.ac.uk/vol1/run/ERR483/ERR4836302/sample008_S001_L001_R1_001.fastq.gz,9fd1bc412fab04e3cb3dcd0c734321d0,fastq/sample008_S001_L001_R1_001.fastq.gz
sample008,reverse,ftp.sra.ebi.ac.uk/vol1/run/ERR483/ERR4836302/sample008_S001_L001_R2_001.fastq.gz,59540a84a9339658f873ef6ee68f9ebf,fastq/sample008_S001_L001_R2_001.fastq.gz
sample009,forward,ftp.sra.ebi.ac.uk/vol1/run/ERR483/ERR4836303/sample009_S001_L001_R1_001.fastq.gz,13dca06a4bd324c6f77dba23ce26efa3,fastq/sample009_S001_L001_R1_001.fastq.gz
sample009,reverse,ftp.sra.ebi.ac.uk/vol1/run/ERR483/ERR4836303/sample009_S001_L001_R2_001.fastq.gz,601774e1aa253d4e812c475e71e2a46b,fastq/sample009_S001_L001_R2_001.fastq.gz
sample010,forward,ftp.sra.ebi.ac.uk/vol1/run/ERR483/ERR4836304/sample010_S001_L001_R1_001.fastq.gz,9fbcc4b2e4df91715c279f9f497c4d2a,fastq/sample010_S001_L001_R1_001.fastq.gz
sample010,reverse,ftp.sra.ebi.ac.uk/vol1/run/ERR483/ERR4836304/sample010_S001_L001_R2_001.fastq.gz,8fcda1161b8539e6b459a3db448bd97f,fastq/sample010_S001_L001_R2_001.fastq.gz
sample011,forward,ftp.sra.ebi.ac.uk/vol1/run/ERR483/ERR4836305/sample011_S001_L001_R1_001.fastq.gz,1cd22e456b31acdd99dd3848e410a66f,fastq/sample011_S001_L001_R1_001.fastq.gz
sample011,reverse,ftp.sra.ebi.ac.uk/vol1/run/ERR483/ERR4836305/sample011_S001_L001_R2_001.fastq.gz,b2794fc7cb79ab7dc0e97f662038021c,fastq/sample011_S001_L001_R2_001.fastq.gz
sample012,forward,ftp.sra.ebi.ac.uk/vol1/run/ERR483/ERR4836306/sample012_S001_L001_R1_001.fastq.gz,952727d86f43a68e452559676c2910f0,fastq/sample012_S001_L001_R1_001.fastq.gz
sample012,reverse,ftp.sra.ebi.ac.uk/vol1/run/ERR483/ERR4836306/sample012_S001_L001_R2_001.fastq.gz,affdb518ea8f486682960b07bcdca37f,fastq/sample012_S001_L001_R2_001.fastq.gz
sample013,forward,ftp.sra.ebi.ac.uk/vol1/run/ERR483/ERR4836307/sample013_S001_L001_R1_001.fastq.gz,3723575b6f64db5055b44f3184a758e7,fastq/sample013_S001_L001_R1_001.fastq.gz
sample013,reverse,ftp.sra.ebi.ac.uk/vol1/run/ERR483/ERR4836307/sample013_S001_L001_R2_001.fastq.gz,a80207fdcce25e339b5f54f8ebd0718a,fastq/sample013_S001_L001_R2_001.fastq.gz
sample014,forward,ftp.sra.ebi.ac.uk/vol1/run/ERR483/ERR4836308/sample014_S001_L001_R1_001.fastq.gz,83afb9bd21c178f628230693680a20c5,fastq/sample014_S001_L001_R1_001.fastq.gz
sample014,reverse,ftp.sra.ebi.ac.uk/vol1/run/ERR483/ERR4836308/sample014_S001_L001_R2_001.fastq.gz,9ab440b20a5b69959920dacf5db39872,fastq/sample014_S001_L001_R2_001.fastq.gz
sample015,forward,ftp.sra.ebi.ac.uk/vol1/run/ERR483/ERR4836309/sample015_S001_L001_R1_001.fastq.gz,711101d296d3214be26a45ab5f40c85d,fastq/sample015_S001_L001_R1_001.fastq.gz
sample015,reverse,ftp.sra.ebi.ac.uk/vol1/run/ERR483/ERR4836309/sample015_S001_L001_R2_001.fastq.gz,fe160bafe978479a2b3641646b44b42f,fastq/sample015_S001_L001_R2_001.fastq.gz
sample016,forward,ftp.sra.ebi.ac.uk/vol1/run/ERR483/ERR4836310/sample016_S001_L001_R1_001.fastq.gz,512c852643cb1f182ee8d5359e618f8a,fastq/sample016_S001_L001_R1_001.fastq.gz
sample016,reverse,ftp.sra.ebi.ac.uk/vol1/run/ERR483/ERR4836310/sample016_S001_L001_R2_001.fastq.gz,5b955a018feb7a54668e7079bfef2a71,fastq/sample016_S001_L001_R2_001.fastq.gz
sample017,forward,ftp.sra.ebi.ac.uk/vol1/run/ERR483/ERR4836311/sample017_S001_L001_R1_001.fastq.gz,a0af1d22c8b0a14efd5d8a4b23eb0cd8,fastq/sample017_S001_L001_R1_001.fastq.gz
sample017,reverse,ftp.sra.ebi.ac.uk/vol1/run/ERR483/ERR4836311/sample017_S001_L001_R2_001.fastq.gz,ec7901894bf5c26afac7771034a8d792,fastq/sample017_S001_L001_R2_001.fastq.gz
sample018,forward,ftp.sra.ebi.ac.uk/vol1/run/ERR483/ERR4836312/sample018_S001_L001_R1_001.fastq.gz,f545dc4d8e61fcda5204009b74a7d34c,fastq/sample018_S001_L001_R1_001.fastq.gz
sample018,reverse,ftp.sra.ebi.ac.uk/vol1/run/ERR483/ERR4836312/sample018_S001_L001_R2_001.fastq.gz,10efa1c0fb37353b30bef998a4bc7e94,fastq/sample018_S001_L001_R2_001.fastq.gz
sample019,forward,ftp.sra.ebi.ac.uk/vol1/run/ERR483/ERR4836313/sample019_S001_L001_R1_001.fastq.gz,8d786c510b9f6fdeb8fbf9ae7a7d0872,fastq/sample019_S001_L001_R1_001.fastq.gz
sample019,reverse,ftp.sra.ebi.ac.uk/vol1/run/ERR483/ERR4836313/sample019_S001_L001_R2_001.fastq.gz,6855f3331758e2137009415d9ca19701,fastq/sample019_S001_L001_R2_001.fastq.gz
sample020,forward,ftp.sra.ebi.ac.uk/vol1/run/ERR483/ERR4836314/sample020_S001_L001_R1_001.fastq.gz,1d7a93f8b2e5e533e8adf79073472ab2,fastq/sample020_S001_L001_R1_001.fastq.gz
sample020,reverse,ftp.sra.ebi.ac.uk/vol1/run/ERR483/ERR4836314/sample020_S001_L001_R2_001.fastq.gz,ff01afff98e4fc3eb88de0f5ad289d2d,fastq/sample020_S001_L001_R2_001.fastq.gz
sample021,forward,ftp.sra.ebi.ac.uk/vol1/run/ERR483/ERR4836333/sample021_S001_L001_R1_001.fastq.gz,80c003ced4baca392000eb77140fa070,fastq/sample021_S001_L001_R1_001.fastq.gz
sample021,reverse,ftp.sra.ebi.ac.uk/vol1/run/ERR483/ERR4836333/sample021_S001_L001_R2_001.fastq.gz,35e887f2f4404dd1b81987d198c3923c,fastq/sample021_S001_L001_R2_001.fastq.gz
sample022,forward,ftp.sra.ebi.ac.uk/vol1/run/ERR483/ERR4836334/sample022_S001_L001_R1_001.fastq.gz,9ee7c34622b77f5934e0bf9d49bfa1b5,fastq/sample022_S001_L001_R1_001.fastq.gz
sample022,reverse,ftp.sra.ebi.ac.uk/vol1/run/ERR483/ERR4836334/sample022_S001_L001_R2_001.fastq.gz,de3ab7f076e27f88040c2728ef297281,fastq/sample022_S001_L001_R2_001.fastq.gz
sample023,forward,ftp.sra.ebi.ac.uk/vol1/run/ERR483/ERR4836335/sample023_S001_L001_R1_001.fastq.gz,89d0178ea72d53fa16e598b652f9a538,fastq/sample023_S001_L001_R1_001.fastq.gz
sample023,reverse,ftp.sra.ebi.ac.uk/vol1/run/ERR483/ERR4836335/sample023_S001_L001_R2_001.fastq.gz,11151247f5359d8775bcb8528c03329d,fastq/sample023_S001_L001_R2_001.fastq.gz
sample024,forward,ftp.sra.ebi.ac.uk/vol1/run/ERR483/ERR4836336/sample024_S001_L001_R1_001.fastq.gz,99efffe87ed49f73e0aa0b6b86b39d8e,fastq/sample024_S001_L001_R1_001.fastq.gz
sample024,reverse,ftp.sra.ebi.ac.uk/vol1/run/ERR483/ERR4836336/sample024_S001_L001_R2_001.fastq.gz,042a6ee6ea8a57d4a29e4a7b788d2e5e,fastq/sample024_S001_L001_R2_001.fastq.gz
sample025,forward,ftp.sra.ebi.ac.uk/vol1/run/ERR483/ERR4836337/sample025_S001_L001_R1_001.fastq.gz,05b475c1fe56d0ac5ce0c4dcff1e66fe,fastq/sample025_S001_L001_R1_001.fastq.gz
sample025,reverse,ftp.sra.ebi.ac.uk/vol1/run/ERR483/ERR4836337/sample025_S001_L001_R2_001.fastq.gz,93af21605d36ea65866a28e2c6c6d0fb,fastq/sample025_S001_L001_R2_001.fastq.gz
sample026,forward,ftp.sra.ebi.ac.uk/vol1/run/ERR483/ERR4836338/sample026_S001_L001_R1_001.fastq.gz,a8a6dd136ccbd3252dceae9884da837f,fastq/sample026_S001_L001_R1_001.fastq.gz
sample026,reverse,ftp.sra.ebi.ac.uk/vol1/run/ERR483/ERR4836338/sample026_S001_L001_R2_001.fastq.gz,536d0d78fa120543ee7cba09fc9fd130,fastq/sample026_S001_L001_R2_001.fastq.gz
sample027,forward,ftp.sra.ebi.ac.uk/vol1/run/ERR483/ERR4836339/sample027_S001_L001_R1_001.fastq.gz,96ef853cf7f2ab6549e19e5ed675abf7,fastq/sample027_S001_L001_R1_001.fastq.gz
sample027,reverse,ftp.sra.ebi.ac.uk/vol1/run/ERR483/ERR4836339/sample027_S001_L001_R2_001.fastq.gz,db9eea5d112a6806bcaad5626823210b,fastq/sample027_S001_L001_R2_001.fastq.gz
sample028,forward,ftp.sra.ebi.ac.uk/vol1/run/ERR483/ERR4836340/sample028_S001_L001_R1_001.fastq.gz,155a4d43b152147acb21bd141a4b5a40,fastq/sample028_S001_L001_R1_001.fastq.gz
sample028,reverse,ftp.sra.ebi.ac.uk/vol1/run/ERR483/ERR4836340/sample028_S001_L001_R2_001.fastq.gz,54ac48450f2f89619fd2d469da07b62e,fastq/sample028_S001_L001_R2_001.fastq.gz
sample029,forward,ftp.sra.ebi.ac.uk/vol1/run/ERR483/ERR4836341/sample029_S001_L001_R1_001.fastq.gz,482d689c75c4239d8fe73da561fe4a1e,fastq/sample029_S001_L001_R1_001.fastq.gz
sample029,reverse,ftp.sra.ebi.ac.uk/vol1/run/ERR483/ERR4836341/sample029_S001_L001_R2_001.fastq.gz,262326001bb8bad3057b92c35f3e173a,fastq/sample029_S001_L001_R2_001.fastq.gz
sample030,forward,ftp.sra.ebi.ac.uk/vol1/run/ERR483/ERR4836342/sample030_S001_L001_R1_001.fastq.gz,ed21cb957a474be4fafc918c3820dfd7,fastq/sample030_S001_L001_R1_001.fastq.gz
sample030,reverse,ftp.sra.ebi.ac.uk/vol1/run/ERR483/ERR4836342/sample030_S001_L001_R2_001.fastq.gz,f96822829309be7f477bbf9ba9c5e231,fastq/sample030_S001_L001_R2_001.fastq.gz
sample031,forward,ftp.sra.ebi.ac.uk/vol1/run/ERR483/ERR4836343/sample031_S001_L001_R1_001.fastq.gz,36b67bdb6d618fa03b4842766ea644a1,fastq/sample031_S001_L001_R1_001.fastq.gz
sample031,reverse,ftp.sra.ebi.ac.uk/vol1/run/ERR483/ERR4836343/sample031_S001_L001_R2_001.fastq.gz,32cd7a93a2e124f7ec48a356449d14f4,fastq/sample031_S001_L001_R2_001.fastq.gz
sample032,forward,ftp.sra.ebi.ac.uk/vol1/run/ERR483/ERR4836344/sample032_S001_L001_R1_001.fastq.gz,c9c435285ac30c18c9288e6276e57de9,fastq/sample032_S001_L001_R1_001.fastq.gz
sample032,reverse,ftp.sra.ebi.ac.uk/vol1/run/ERR483/ERR4836344/sample032_S001_L001_R2_001.fastq.gz,7a36b3506c069ac717a60df86b51483c,fastq/sample032_S001_L001_R2_001.fastq.gz
sample033,forward,ftp.sra.ebi.ac.uk/vol1/run/ERR483/ERR4836345/sample033_S001_L001_R1_001.fastq.gz,a0acd493af10610bc6fd6fbfd679eea7,fastq/sample033_S001_L001_R1_001.fastq.gz
sample033,reverse,ftp.sra.ebi.ac.uk/vol1/run/ERR483/ERR4836345/sample033_S001_L001_R2_001.fastq.gz,fe7f425b9deecfe84451cb873637179d,fastq/sample033_S001_L001_R2_001.fastq.gz
sample034,forward,ftp.sra.ebi.ac.uk/vol1/run/ERR483/ERR4836346/sample034_S001_L001_R1_001.fastq.gz,c07b041d8448aa39fc58f7360036fa8c,fastq/sample034_S001_L001_R1_001.fastq.gz
sample034,reverse,ftp.sra.ebi.ac.uk/vol1/run/ERR483/ERR4836346/sample034_S001_L001_R2_001.fastq.gz,951cf000a0d8bcf599ac6309fcc810e9,fastq/sample034_S001_L001_R2_001.fastq.gz
sample035,forward,ftp.sra.ebi.ac.uk/vol1/run/ERR483/ERR4836347/sample035_S001_L001_R1_001.fastq.gz,79fb02dadf0c520ad2cd539fdce1b81e,fastq/sample035_S001_L001_R1_001.fastq.gz
sample035,reverse,ftp.sra.ebi.ac.uk/vol1/run/ERR483/ERR4836347/sample035_S001_L001_R2_001.fastq.gz,b9facf01d409b14913fcca7f76cf6d46,fastq/sample035_S001_L001_R2_001.fastq.gz
sample036,forward,ftp.sra.ebi.ac.uk/vol1/run/ERR483/ERR4836348/sample036_S001_L001_R1_001.fastq.gz,5f56b86791f1523ce25bf9fefd3d5bb6,fastq/sample036_S001_L001_R1_001.fastq.gz
sample036,reverse,ftp.sra.ebi.ac.uk/vol1/run/ERR483/ERR4836348/sample036_S001_L001_R2_001.fastq.gz,849a752ee672c33fc949b339f01bb4a0,fastq/sample036_S001_L001_R2_001.fastq.gz
sample037,forward,ftp.sra.ebi.ac.uk/vol1/run/ERR483/ERR4836349/sample037_S001_L001_R1_001.fastq.gz,fc959acc7333a71f01a267e486a3bc76,fastq/sample037_S001_L001_R1_001.fastq.gz
sample037,reverse,ftp.sra.ebi.ac.uk/vol1/run/ERR483/ERR4836349/sample037_S001_L001_R2_001.fastq.gz,3161857821b916cdfa467f4e82eabb73,fastq/sample037_S001_L001_R2_001.fastq.gz
sample038,forward,ftp.sra.ebi.ac.uk/vol1/run/ERR483/ERR4836350/sample038_S001_L001_R1_001.fastq.gz,9ac19242bbc821be43aba28abd6b0422,fastq/sample038_S001_L001_R1_001.fastq.gz
sample038,reverse,ftp.sra.ebi.ac.uk/vol1/run/ERR483/ERR4836350/sample038_S001_L001_R2_001.fastq.gz,a59c26a09f3993e16eee2896079c7170,fastq/sample038_S001_L001_R2_001.fastq.gz
sample039,forward,ftp.sra.ebi.ac.uk/vol1/run/ERR483/ERR4836351/sample039_S001_L001_R1_001.fastq.gz,743ce3106d53371adff77bbc650c7211,fastq/sample039_S001_L001_R1_001.fastq.gz
sample039,reverse,ftp.sra.ebi.ac.uk/vol1/run/ERR483/ERR4836351/sample039_S001_L001_R2_001.fastq.gz,d658af897daf954e39a7e20852a9ab1d,fastq/sample039_S001_L001_R2_001.fastq.gz
sample040,forward,ftp.sra.ebi.ac.uk/vol1/run/ERR483/ERR4836352/sample040_S001_L001_R1_001.fastq.gz,39af382ae092e3af84ded4d7d64dd786,fastq/sample040_S001_L001_R1_001.fastq.gz
sample040,reverse,ftp.sra.ebi.ac.uk/vol1/run/ERR483/ERR4836352/sample040_S001_L001_R2_001.fastq.gz,d64e38615af78589471e2fa6e70954cf,fastq/sample040_S001_L001_R2_001.fastq.gz
sample041,forward,ftp.sra.ebi.ac.uk/vol1/run/ERR483/ERR4836353/sample041_S001_L001_R1_001.fastq.gz,02a193bbd1639662c358b41f629035d8,fastq/sample041_S001_L001_R1_001.fastq.gz
sample041,reverse,ftp.sra.ebi.ac.uk/vol1/run/ERR483/ERR4836353/sample041_S001_L001_R2_001.fastq.gz,898c985a84655fe138f1924272603e54,fastq/sample041_S001_L001_R2_001.fastq.gz
sample042,forward,ftp.sra.ebi.ac.uk/vol1/run/ERR483/ERR4836354/sample042_S001_L001_R1_001.fastq.gz,048af10645670a1291d16592692c875d,fastq/sample042_S001_L001_R1_001.fastq.gz
sample042,reverse,ftp.sra.ebi.ac.uk/vol1/run/ERR483/ERR4836354/sample042_S001_L001_R2_001.fastq.gz,1d8b04f0313f437be994300c902b6c89,fastq/sample042_S001_L001_R2_001.fastq.gz
sample043,forward,ftp.sra.ebi.ac.uk/vol1/run/ERR483/ERR4836355/sample043_S001_L001_R1_001.fastq.gz,e40f5e33335b2f4e9f09ef4d8a471478,fastq/sample043_S001_L001_R1_001.fastq.gz
sample043,reverse,ftp.sra.ebi.ac.uk/vol1/run/ERR483/ERR4836355/sample043_S001_L001_R2_001.fastq.gz,14a30d2375c97cf8fa4fd8e697fbeabb,fastq/sample043_S001_L001_R2_001.fastq.gz
sample044,forward,ftp.sra.ebi.ac.uk/vol1/run/ERR483/ERR4836356/sample044_S001_L001_R1_001.fastq.gz,ecd4b2586d27c1782be19bd7329e4843,fastq/sample044_S001_L001_R1_001.fastq.gz
sample044,reverse,ftp.sra.ebi.ac.uk/vol1/run/ERR483/ERR4836356/sample044_S001_L001_R2_001.fastq.gz,12faef6bf3c3ac44f4957a6be1b431de,fastq/sample044_S001_L001_R2_001.fastq.gz
sample045,forward,ftp.sra.ebi.ac.uk/vol1/run/ERR483/ERR4836357/sample045_S001_L001_R1_001.fastq.gz,68219f5947c4215b8c41dc366dad5c02,fastq/sample045_S001_L001_R1_001.fastq.gz
sample045,reverse,ftp.sra.ebi.ac.uk/vol1/run/ERR483/ERR4836357/sample045_S001_L001_R2_001.fastq.gz,5ec75e470e5f242e0e27c547af072709,fastq/sample045_S001_L001_R2_001.fastq.gz
sample046,forward,ftp.sra.ebi.ac.uk/vol1/run/ERR483/ERR4836358/sample046_S001_L001_R1_001.fastq.gz,7ff802403bd335b80870f9e5240b5a1d,fastq/sample046_S001_L001_R1_001.fastq.gz
sample046,reverse,ftp.sra.ebi.ac.uk/vol1/run/ERR483/ERR4836358/sample046_S001_L001_R2_001.fastq.gz,23045e6f59f67b7827f43d063aaa4586,fastq/sample046_S001_L001_R2_001.fastq.gz
sample047,forward,ftp.sra.ebi.ac.uk/vol1/run/ERR483/ERR4836359/sample047_S001_L001_R1_001.fastq.gz,822d1effef41bb57ec4f666e37a3c18e,fastq/sample047_S001_L001_R1_001.fastq.gz
sample047,reverse,ftp.sra.ebi.ac.uk/vol1/run/ERR483/ERR4836359/sample047_S001_L001_R2_001.fastq.gz,7ed5597dabf783c57b13a528e04525e2,fastq/sample047_S001_L001_R2_001.fastq.gz
sample048,forward,ftp.sra.ebi.ac.uk/vol1/run/ERR483/ERR4836360/sample048_S001_L001_R1_001.fastq.gz,449d09fd3891345f42c8775de67637bf,fastq/sample048_S001_L001_R1_001.fastq.gz
sample048,reverse,ftp.sra.ebi.ac.uk/vol1/run/ERR483/ERR4836360/sample048_S001_L001_R2_001.fastq.gz,c1f94e137d10bc2cc860315877760096,fastq/sample048_S001_L001_R2_001.fastq.gz
sample049,forward,ftp.sra.ebi.ac.uk/vol1/run/ERR483/ERR4836361/sample049_S001_L001_R1_001.fastq.gz,30d59d0ee5146bf06128a7b206c274d4,fastq/sample049_S001_L001_R1_001.fastq.gz
sample049,reverse,ftp.sra.ebi.ac.uk/vol1/run/ERR483/ERR4836361/sample049_S001_L001_R2_001.fastq.gz,dd8702da17406cc6a8aea49e52f12fe6,fastq/sample049_S001_L001_R2_001.fastq.gz
sample050,forward,ftp.sra.ebi.ac.uk/vol1/run/ERR483/ERR4836362/sample050_S001_L001_R1_001.fastq.gz,9d573fca225f7aad2ba283594b94edd7,fastq/sample050_S001_L001_R1_001.fastq.gz
sample050,reverse,ftp.sra.ebi.ac.uk/vol1/run/ERR483/ERR4836362/sample050_S001_L001_R2_001.fastq.gz,3c29f0f8d52ace69596e4621324528be,fastq/sample050_S001_L001_R2_001.fastq.gz
sample051,forward,ftp.sra.ebi.ac.uk/vol1/run/ERR483/ERR4836363/sample051_S001_L001_R1_001.fastq.gz,42652f0b7bef011f51514bfd8efb67af,fastq/sample051_S001_L001_R1_001.fastq.gz
sample051,reverse,ftp.sra.ebi.ac.uk/vol1/run/ERR483/ERR4836363/sample051_S001_L001_R2_001.fastq.gz,feaca2c1256956a8324de6126e18a744,fastq/sample051_S001_L001_R2_001.fastq.gz
sample052,forward,ftp.sra.ebi.ac.uk/vol1/run/ERR483/ERR4836364/sample052_S001_L001_R1_001.fastq.gz,13e60819db9f3dc4e14d9e79607407d7,fastq/sample052_S001_L001_R1_001.fastq.gz
sample052,reverse,ftp.sra.ebi.ac.uk/vol1/run/ERR483/ERR4836364/sample052_S001_L001_R2_001.fastq.gz,8da53bd05b2b8e2abb067c505d771191,fastq/sample052_S001_L001_R2_001.fastq.gz
sample053,forward,ftp.sra.ebi.ac.uk/vol1/run/ERR483/ERR4836365/sample053_S001_L001_R1_001.fastq.gz,c60823cd0fe6dfddaf3adc4c3f545669,fastq/sample053_S001_L001_R1_001.fastq.gz
sample053,reverse,ftp.sra.ebi.ac.uk/vol1/run/ERR483/ERR4836365/sample053_S001_L001_R2_001.fastq.gz,fb0662ba9832943d5ec4273d8e8dea9a,fastq/sample053_S001_L001_R2_001.fastq.gz
sample054,forward,ftp.sra.ebi.ac.uk/vol1/run/ERR483/ERR4836366/sample054_S001_L001_R1_001.fastq.gz,2174ff8cbef6f773a2529197c0eed37b,fastq/sample054_S001_L001_R1_001.fastq.gz
sample054,reverse,ftp.sra.ebi.ac.uk/vol1/run/ERR483/ERR4836366/sample054_S001_L001_R2_001.fastq.gz,4a659a73e7201f35d5774e409db9d968,fastq/sample054_S001_L001_R2_001.fastq.gz
sample055,forward,ftp.sra.ebi.ac.uk/vol1/run/ERR483/ERR4836367/sample055_S001_L001_R1_001.fastq.gz,534685c6ec81b06f0c62afc965a9ead8,fastq/sample055_S001_L001_R1_001.fastq.gz
sample055,reverse,ftp.sra.ebi.ac.uk/vol1/run/ERR483/ERR4836367/sample055_S001_L001_R2_001.fastq.gz,258394d2e9e158ab7da0629b2db4be87,fastq/sample055_S001_L001_R2_001.fastq.gz
sample056,forward,ftp.sra.ebi.ac.uk/vol1/run/ERR483/ERR4836368/sample056_S001_L001_R1_001.fastq.gz,7c36923add9db5f89f0c75d3a66c54dc,fastq/sample056_S001_L001_R1_001.fastq.gz
sample056,reverse,ftp.sra.ebi.ac.uk/vol1/run/ERR483/ERR4836368/sample056_S001_L001_R2_001.fastq.gz,ddc7692e0431317e932f4a75caf91e05,fastq/sample056_S001_L001_R2_001.fastq.gz
sample057,forward,ftp.sra.ebi.ac.uk/vol1/run/ERR483/ERR4836369/sample057_S001_L001_R1_001.fastq.gz,3554c440f8a68e1494f4c0f4af28324f,fastq/sample057_S001_L001_R1_001.fastq.gz
sample057,reverse,ftp.sra.ebi.ac.uk/vol1/run/ERR483/ERR4836369/sample057_S001_L001_R2_001.fastq.gz,b7e1e34e0fdbd9a352697a3844b8507e,fastq/sample057_S001_L001_R2_001.fastq.gz
sample058,forward,ftp.sra.ebi.ac.uk/vol1/run/ERR483/ERR4836370/sample058_S001_L001_R1_001.fastq.gz,5d29015e2288027fe798651dcd30d873,fastq/sample058_S001_L001_R1_001.fastq.gz
sample058,reverse,ftp.sra.ebi.ac.uk/vol1/run/ERR483/ERR4836370/sample058_S001_L001_R2_001.fastq.gz,c8e0341c242945375e6a027cd347c89e,fastq/sample058_S001_L001_R2_001.fastq.gz
sample059,forward,ftp.sra.ebi.ac.uk/vol1/run/ERR483/ERR4836371/sample059_S001_L001_R1_001.fastq.gz,4dff1b5a8f68f051146a3d53c6ca3cf4,fastq/sample059_S001_L001_R1_001.fastq.gz
sample059,reverse,ftp.sra.ebi.ac.uk/vol1/run/ERR483/ERR4836371/sample059_S001_L001_R2_001.fastq.gz,a56999f1411620d26e4b6f2fea52747e,fastq/sample059_S001_L001_R2_001.fastq.gz
sample060,forward,ftp.sra.ebi.ac.uk/vol1/run/ERR483/ERR4836372/sample060_S001_L001_R1_001.fastq.gz,1fe1dccd5747b29e1a4ef5e0dc425c04,fastq/sample060_S001_L001_R1_001.fastq.gz
sample060,reverse,ftp.sra.ebi.ac.uk/vol1/run/ERR483/ERR4836372/sample060_S001_L001_R2_001.fastq.gz,8dbe51d85d4474b5de5e04e4a1dade08,fastq/sample060_S001_L001_R2_001.fastq.gz
sample061,forward,ftp.sra.ebi.ac.uk/vol1/run/ERR483/ERR4836373/sample061_S001_L001_R1_001.fastq.gz,8ff6815e1358bcc77da666bd2a0f880b,fastq/sample061_S001_L001_R1_001.fastq.gz
sample061,reverse,ftp.sra.ebi.ac.uk/vol1/run/ERR483/ERR4836373/sample061_S001_L001_R2_001.fastq.gz,0dc1b496f9530a4d6a2173cadcc2d502,fastq/sample061_S001_L001_R2_001.fastq.gz
sample062,forward,ftp.sra.ebi.ac.uk/vol1/run/ERR483/ERR4836374/sample062_S001_L001_R1_001.fastq.gz,59b5f4def7ca956df4302a787c96c122,fastq/sample062_S001_L001_R1_001.fastq.gz
sample062,reverse,ftp.sra.ebi.ac.uk/vol1/run/ERR483/ERR4836374/sample062_S001_L001_R2_001.fastq.gz,739603ec979815663a8669553430e235,fastq/sample062_S001_L001_R2_001.fastq.gz
sample063,forward,ftp.sra.ebi.ac.uk/vol1/run/ERR483/ERR4836375/sample063_S001_L001_R1_001.fastq.gz,652bbf9d8336ce853890cc9064da3480,fastq/sample063_S001_L001_R1_001.fastq.gz
sample063,reverse,ftp.sra.ebi.ac.uk/vol1/run/ERR483/ERR4836375/sample063_S001_L001_R2_001.fastq.gz,bc379fa65273434717c2780c973adc21,fastq/sample063_S001_L001_R2_001.fastq.gz
sample064,forward,ftp.sra.ebi.ac.uk/vol1/run/ERR483/ERR4836376/sample064_S001_L001_R1_001.fastq.gz,a01aef1b14c257227434a6b59eea3987,fastq/sample064_S001_L001_R1_001.fastq.gz
sample064,reverse,ftp.sra.ebi.ac.uk/vol1/run/ERR483/ERR4836376/sample064_S001_L001_R2_001.fastq.gz,1f40838afffadfc855b9922202544a8d,fastq/sample064_S001_L001_R2_001.fastq.gz
sample065,forward,ftp.sra.ebi.ac.uk/vol1/run/ERR483/ERR4836377/sample065_S001_L001_R1_001.fastq.gz,ad7b5017fec58759151ec980991ef6de,fastq/sample065_S001_L001_R1_001.fastq.gz
sample065,reverse,ftp.sra.ebi.ac.uk/vol1/run/ERR483/ERR4836377/sample065_S001_L001_R2_001.fastq.gz,d9ad626c48e01ecf972447a80b560429,fastq/sample065_S001_L001_R2_001.fastq.gz
sample066,forward,ftp.sra.ebi.ac.uk/vol1/run/ERR483/ERR4836378/sample066_S001_L001_R1_001.fastq.gz,928ef27bd4db5c03184119e4d8af6365,fastq/sample066_S001_L001_R1_001.fastq.gz
sample066,reverse,ftp.sra.ebi.ac.uk/vol1/run/ERR483/ERR4836378/sample066_S001_L001_R2_001.fastq.gz,d07021c6e7bd45db83c1b9b3ba00df98,fastq/sample066_S001_L001_R2_001.fastq.gz
sample067,forward,ftp.sra.ebi.ac.uk/vol1/run/ERR483/ERR4836379/sample067_S001_L001_R1_001.fastq.gz,0c165ae0b2d31a512d58ba3ad2ebcf32,fastq/sample067_S001_L001_R1_001.fastq.gz
sample067,reverse,ftp.sra.ebi.ac.uk/vol1/run/ERR483/ERR4836379/sample067_S001_L001_R2_001.fastq.gz,2ecbc0eb5ef0b6ed6616ef6b19c1f2d8,fastq/sample067_S001_L001_R2_001.fastq.gz
sample068,forward,ftp.sra.ebi.ac.uk/vol1/run/ERR483/ERR4836380/sample068_S001_L001_R1_001.fastq.gz,2c14493ec645ed8fc607b4e092bb53f2,fastq/sample068_S001_L001_R1_001.fastq.gz
sample068,reverse,ftp.sra.ebi.ac.uk/vol1/run/ERR483/ERR4836380/sample068_S001_L001_R2_001.fastq.gz,87ce052f38e575bc1448093e3c603dd8,fastq/sample068_S001_L001_R2_001.fastq.gz
sample069,forward,ftp.sra.ebi.ac.uk/vol1/run/ERR483/ERR4836381/sample069_S001_L001_R1_001.fastq.gz,99c810c6eb5793d178c8c11d85b3ce08,fastq/sample069_S001_L001_R1_001.fastq.gz
sample069,reverse,ftp.sra.ebi.ac.uk/vol1/run/ERR483/ERR4836381/sample069_S001_L001_R2_001.fastq.gz,00b787ecec44d31bc83dcdcb79e03130,fastq/sample069_S001_L001_R2_001.fastq.gz
sample070,forward,ftp.sra.ebi.ac.uk/vol1/run/ERR483/ERR4836382/sample070_S001_L001_R1_001.fastq.gz,151bf47e737d845113ae1af5df03b537,fastq/sample070_S001_L001_R1_001.fastq.gz
sample070,reverse,ftp.sra.ebi.ac.uk/vol1/run/ERR483/ERR4836382/sample070_S001_L001_R2_001.fastq.gz,308e0427efc733de8735fc84500e39c1,fastq/sample070_S001_L001_R2_001.fastq.gz
sample071,forward,ftp.sra.ebi.ac.uk/vol1/run/ERR483/ERR4836383/sample071_S001_L001_R1_001.fastq.gz,f61642a1ce4ce25d5dbb2d3dc0017bde,fastq/sample071_S001_L001_R1_001.fastq.gz
sample071,reverse,ftp.sra.ebi.ac.uk/vol1/run/ERR483/ERR4836383/sample071_S001_L001_R2_001.fastq.gz,7e998a6327b75db0fa7965d2418bcb9c,fastq/sample071_S001_L001_R2_001.fastq.gz
sample072,forward,ftp.sra.ebi.ac.uk/vol1/run/ERR483/ERR4836384/sample072_S001_L001_R1_001.fastq.gz,d18d1c15511079fb2a6ac092d88b1675,fastq/sample072_S001_L001_R1_001.fastq.gz
sample072,reverse,ftp.sra.ebi.ac.uk/vol1/run/ERR483/ERR4836384/sample072_S001_L001_R2_001.fastq.gz,0d036eb15100d0d3641719e3203b8274,fastq/sample072_S001_L001_R2_001.fastq.gz
sample073,forward,ftp.sra.ebi.ac.uk/vol1/run/ERR483/ERR4836385/sample073_S001_L001_R1_001.fastq.gz,9bbaac2b49a258902f255bb30e519055,fastq/sample073_S001_L001_R1_001.fastq.gz
sample073,reverse,ftp.sra.ebi.ac.uk/vol1/run/ERR483/ERR4836385/sample073_S001_L001_R2_001.fastq.gz,9d1d51455bb1a4b2db08bb5a1e10ec70,fastq/sample073_S001_L001_R2_001.fastq.gz
sample074,forward,ftp.sra.ebi.ac.uk/vol1/run/ERR483/ERR4836386/sample074_S001_L001_R1_001.fastq.gz,23e21d59a921212181d8227ebbbd722c,fastq/sample074_S001_L001_R1_001.fastq.gz
sample074,reverse,ftp.sra.ebi.ac.uk/vol1/run/ERR483/ERR4836386/sample074_S001_L001_R2_001.fastq.gz,dead423933bd24b8709639510900a434,fastq/sample074_S001_L001_R2_001.fastq.gz
sample075,forward,ftp.sra.ebi.ac.uk/vol1/run/ERR483/ERR4836387/sample075_S001_L001_R1_001.fastq.gz,ac57c0c91a1ca232f61586252d39dd1f,fastq/sample075_S001_L001_R1_001.fastq.gz
sample075,reverse,ftp.sra.ebi.ac.uk/vol1/run/ERR483/ERR4836387/sample075_S001_L001_R2_001.fastq.gz,ce995407a16db4647b7b78f2bb0dc595,fastq/sample075_S001_L001_R2_001.fastq.gz
sample076,forward,ftp.sra.ebi.ac.uk/vol1/run/ERR483/ERR4836388/sample076_S001_L001_R1_001.fastq.gz,12b8c8527e1d58968cdd03373746b75c,fastq/sample076_S001_L001_R1_001.fastq.gz
sample076,reverse,ftp.sra.ebi.ac.uk/vol1/run/ERR483/ERR4836388/sample076_S001_L001_R2_001.fastq.gz,43195b7b3c73833b4d2c4876064a467f,fastq/sample076_S001_L001_R2_001.fastq.gz
sample077,forward,ftp.sra.ebi.ac.uk/vol1/run/ERR483/ERR4836389/sample077_S001_L001_R1_001.fastq.gz,2cc9e6e3c5f8c095525af98d112ab006,fastq/sample077_S001_L001_R1_001.fastq.gz
sample077,reverse,ftp.sra.ebi.ac.uk/vol1/run/ERR483/ERR4836389/sample077_S001_L001_R2_001.fastq.gz,b00dc7200dbb10d6e9f171cf3616748b,fastq/sample077_S001_L001_R2_001.fastq.gz
sample078,forward,ftp.sra.ebi.ac.uk/vol1/run/ERR483/ERR4836390/sample078_S001_L001_R1_001.fastq.gz,7aa3ab6be89459a671d353eba64b1434,fastq/sample078_S001_L001_R1_001.fastq.gz
sample078,reverse,ftp.sra.ebi.ac.uk/vol1/run/ERR483/ERR4836390/sample078_S001_L001_R2_001.fastq.gz,882ccff6c5cd5f764d88f69e0081fe26,fastq/sample078_S001_L001_R2_001.fastq.gz
sample079,forward,ftp.sra.ebi.ac.uk/vol1/run/ERR483/ERR4836391/sample079_S001_L001_R1_001.fastq.gz,bf922b1bf2abeb8e73d66791ce73b5cb,fastq/sample079_S001_L001_R1_001.fastq.gz
sample079,reverse,ftp.sra.ebi.ac.uk/vol1/run/ERR483/ERR4836391/sample079_S001_L001_R2_001.fastq.gz,83df3e6b722448551837acddcfebc8aa,fastq/sample079_S001_L001_R2_001.fastq.gz
sample080,forward,ftp.sra.ebi.ac.uk/vol1/run/ERR483/ERR4836392/sample080_S001_L001_R1_001.fastq.gz,3e5e5af99d58ee4d094ca7043b4df6f9,fastq/sample080_S001_L001_R1_001.fastq.gz
sample080,reverse,ftp.sra.ebi.ac.uk/vol1/run/ERR483/ERR4836392/sample080_S001_L001_R2_001.fastq.gz,a034cbfdb3f965527d3831e7f921bd89,fastq/sample080_S001_L001_R2_001.fastq.gz
sample081,forward,ftp.sra.ebi.ac.uk/vol1/run/ERR483/ERR4836393/sample081_S001_L001_R1_001.fastq.gz,b2066cd641ccd81be89bc442bf192f7e,fastq/sample081_S001_L001_R1_001.fastq.gz
sample081,reverse,ftp.sra.ebi.ac.uk/vol1/run/ERR483/ERR4836393/sample081_S001_L001_R2_001.fastq.gz,4317af10b318cc338260d89df08a7b4a,fastq/sample081_S001_L001_R2_001.fastq.gz
sample082,forward,ftp.sra.ebi.ac.uk/vol1/run/ERR483/ERR4836394/sample082_S001_L001_R1_001.fastq.gz,a4088984841aea602410b4709b90f58b,fastq/sample082_S001_L001_R1_001.fastq.gz
sample082,reverse,ftp.sra.ebi.ac.uk/vol1/run/ERR483/ERR4836394/sample082_S001_L001_R2_001.fastq.gz,d53dd911a9b24eff02edfd33096259e6,fastq/sample082_S001_L001_R2_001.fastq.gz
sample083,forward,ftp.sra.ebi.ac.uk/vol1/run/ERR483/ERR4836395/sample083_S001_L001_R1_001.fastq.gz,78d399b87a06785902d8e085afa8b745,fastq/sample083_S001_L001_R1_001.fastq.gz
sample083,reverse,ftp.sra.ebi.ac.uk/vol1/run/ERR483/ERR4836395/sample083_S001_L001_R2_001.fastq.gz,d5c9b740798444b09be2ae455b99d6a4,fastq/sample083_S001_L001_R2_001.fastq.gz
sample084,forward,ftp.sra.ebi.ac.uk/vol1/run/ERR483/ERR4836396/sample084_S001_L001_R1_001.fastq.gz,65eb376ccced68a5d4bf2c86fbcd1cd9,fastq/sample084_S001_L001_R1_001.fastq.gz
sample084,reverse,ftp.sra.ebi.ac.uk/vol1/run/ERR483/ERR4836396/sample084_S001_L001_R2_001.fastq.gz,06e385917b74338671190b1942432709,fastq/sample084_S001_L001_R2_001.fastq.gz
sample085,forward,ftp.sra.ebi.ac.uk/vol1/run/ERR483/ERR4836397/sample085_S001_L001_R1_001.fastq.gz,d4365431c5588b6d0fba513983f14810,fastq/sample085_S001_L001_R1_001.fastq.gz
sample085,reverse,ftp.sra.ebi.ac.uk/vol1/run/ERR483/ERR4836397/sample085_S001_L001_R2_001.fastq.gz,dcf99954c00434db24d1748e5f5b9076,fastq/sample085_S001_L001_R2_001.fastq.gz
sample086,forward,ftp.sra.ebi.ac.uk/vol1/run/ERR483/ERR4836398/sample086_S001_L001_R1_001.fastq.gz,40e255cab4a5afad73c69e6da4d4a13a,fastq/sample086_S001_L001_R1_001.fastq.gz
sample086,reverse,ftp.sra.ebi.ac.uk/vol1/run/ERR483/ERR4836398/sample086_S001_L001_R2_001.fastq.gz,1d05b53249f03407a2c77f3fa6da2b33,fastq/sample086_S001_L001_R2_001.fastq.gz
sample087,forward,ftp.sra.ebi.ac.uk/vol1/run/ERR483/ERR4836399/sample087_S001_L001_R1_001.fastq.gz,3ea79f2b5eb7edc0a73514795d231ce2,fastq/sample087_S001_L001_R1_001.fastq.gz
sample087,reverse,ftp.sra.ebi.ac.uk/vol1/run/ERR483/ERR4836399/sample087_S001_L001_R2_001.fastq.gz,49d01870c1e8e7c5ed3b42c45db416ac,fastq/sample087_S001_L001_R2_001.fastq.gz
sample088,forward,ftp.sra.ebi.ac.uk/vol1/run/ERR483/ERR4836400/sample088_S001_L001_R1_001.fastq.gz,c17e056d3759e4e5d94b3763774e729f,fastq/sample088_S001_L001_R1_001.fastq.gz
sample088,reverse,ftp.sra.ebi.ac.uk/vol1/run/ERR483/ERR4836400/sample088_S001_L001_R2_001.fastq.gz,72b976bf0659c892b2f6353f3eae7551,fastq/sample088_S001_L001_R2_001.fastq.gz
sample089,forward,ftp.sra.ebi.ac.uk/vol1/run/ERR483/ERR4836401/sample089_S001_L001_R1_001.fastq.gz,fc4ac71a05d9dc073ff0ac1e4b915d5e,fastq/sample089_S001_L001_R1_001.fastq.gz
sample089,reverse,ftp.sra.ebi.ac.uk/vol1/run/ERR483/ERR4836401/sample089_S001_L001_R2_001.fastq.gz,a0f3edce254a733797f5f07c7bac01ae,fastq/sample089_S001_L001_R2_001.fastq.gz
sample090,forward,ftp.sra.ebi.ac.uk/vol1/run/ERR483/ERR4836402/sample090_S001_L001_R1_001.fastq.gz,09c6ef3e7119c2a5dba19d5c1aa205a0,fastq/sample090_S001_L001_R1_001.fastq.gz
sample090,reverse,ftp.sra.ebi.ac.uk/vol1/run/ERR483/ERR4836402/sample090_S001_L001_R2_001.fastq.gz,b3bc73cd4472035d9403e2bb0e0ada78,fastq/sample090_S001_L001_R2_001.fastq.gz
sample091,forward,ftp.sra.ebi.ac.uk/vol1/run/ERR483/ERR4836403/sample091_S001_L001_R1_001.fastq.gz,8f2dca52a65c7fdca2c2820a5496a97c,fastq/sample091_S001_L001_R1_001.fastq.gz
sample091,reverse,ftp.sra.ebi.ac.uk/vol1/run/ERR483/ERR4836403/sample091_S001_L001_R2_001.fastq.gz,f649168a7f06394456a3632cbb10b800,fastq/sample091_S001_L001_R2_001.fastq.gz
sample092,forward,ftp.sra.ebi.ac.uk/vol1/run/ERR483/ERR4836404/sample092_S001_L001_R1_001.fastq.gz,70714ca318d5561b6790292b3d677e5d,fastq/sample092_S001_L001_R1_001.fastq.gz
sample092,reverse,ftp.sra.ebi.ac.uk/vol1/run/ERR483/ERR4836404/sample092_S001_L001_R2_001.fastq.gz,f8d217a87b92152cba1a5741cd0cd8e6,fastq/sample092_S001_L001_R2_001.fastq.gz
sample093,forward,ftp.sra.ebi.ac.uk/vol1/run/ERR483/ERR4836405/sample093_S001_L001_R1_001.fastq.gz,3f8643818b886aaef3b72e3a7db58cd6,fastq/sample093_S001_L001_R1_001.fastq.gz
sample093,reverse,ftp.sra.ebi.ac.uk/vol1/run/ERR483/ERR4836405/sample093_S001_L001_R2_001.fastq.gz,e4bc888e14a38b94416f8aebfd512c3e,fastq/sample093_S001_L001_R2_001.fastq.gz
sample094,forward,ftp.sra.ebi.ac.uk/vol1/run/ERR483/ERR4836406/sample094_S001_L001_R1_001.fastq.gz,43586918cccdf30cb71f1da05e0d2ee0,fastq/sample094_S001_L001_R1_001.fastq.gz
sample094,reverse,ftp.sra.ebi.ac.uk/vol1/run/ERR483/ERR4836406/sample094_S001_L001_R2_001.fastq.gz,3d5fe6b76607e84c02b3dd9d666ad161,fastq/sample094_S001_L001_R2_001.fastq.gz
sample095,forward,ftp.sra.ebi.ac.uk/vol1/run/ERR483/ERR4836407/sample095_S001_L001_R1_001.fastq.gz,83571ab44ee0ab92cc2b49e0756e8af2,fastq/sample095_S001_L001_R1_001.fastq.gz
sample095,reverse,ftp.sra.ebi.ac.uk/vol1/run/ERR483/ERR4836407/sample095_S001_L001_R2_001.fastq.gz,012bc007070f4c53d807d8c527b17283,fastq/sample095_S001_L001_R2_001.fastq.gz
sample096,forward,ftp.sra.ebi.ac.uk/vol1/run/ERR483/ERR4836408/sample096_S001_L001_R1_001.fastq.gz,b6622cb64ccdabb8fceea0e3d3aead4f,fastq/sample096_S001_L001_R1_001.fastq.gz
sample096,reverse,ftp.sra.ebi.ac.uk/vol1/run/ERR483/ERR4836408/sample096_S001_L001_R2_001.fastq.gz,9617ed9bb784f9d66506188868214db2,fastq/sample096_S001_L001_R2_001.fastq.gz
sample097,forward,ftp.sra.ebi.ac.uk/vol1/run/ERR483/ERR4836409/sample097_S001_L001_R1_001.fastq.gz,b0b6983bed6b1d13cc7b43d1cf07d475,fastq/sample097_S001_L001_R1_001.fastq.gz
sample097,reverse,ftp.sra.ebi.ac.uk/vol1/run/ERR483/ERR4836409/sample097_S001_L001_R2_001.fastq.gz,066fe6f6613da5a92f27b7ace0275c11,fastq/sample097_S001_L001_R2_001.fastq.gz
sample098,forward,ftp.sra.ebi.ac.uk/vol1/run/ERR483/ERR4836410/sample098_S001_L001_R1_001.fastq.gz,ed52fd874fabf94e0c9afc4762806355,fastq/sample098_S001_L001_R1_001.fastq.gz
sample098,reverse,ftp.sra.ebi.ac.uk/vol1/run/ERR483/ERR4836410/sample098_S001_L001_R2_001.fastq.gz,c4b174de00b8f7acde32901972a53bea,fastq/sample098_S001_L001_R2_001.fastq.gz
sample099,forward,ftp.sra.ebi.ac.uk/vol1/run/ERR483/ERR4836411/sample099_S001_L001_R1_001.fastq.gz,394aa8f67063d30fb3acfdf23eb96e14,fastq/sample099_S001_L001_R1_001.fastq.gz
sample099,reverse,ftp.sra.ebi.ac.uk/vol1/run/ERR483/ERR4836411/sample099_S001_L001_R2_001.fastq.gz,c1bb886812aacc77ae897c6f715a43d3,fastq/sample099_S001_L001_R2_001.fastq.gz
sample100,forward,ftp.sra.ebi.ac.uk/vol1/run/ERR483/ERR4836412/sample100_S001_L001_R1_001.fastq.gz,2fb3e0ae99a68c752929cfe3c3d55e0f,fastq/sample100_S001_L001_R1_001.fastq.gz
sample100,reverse,ftp.sra.ebi.ac.uk/vol1/run/ERR483/ERR4836412/sample100_S001_L001_R2_001.fastq.gz,335d2a383d23678f2867cf20f56bef23,fastq/sample100_S001_L001_R2_001.fastq.gz
sample101,forward,ftp.sra.ebi.ac.uk/vol1/run/ERR483/ERR4836413/sample101_S001_L001_R1_001.fastq.gz,350473333614894efb31a96a750ae551,fastq/sample101_S001_L001_R1_001.fastq.gz
sample101,reverse,ftp.sra.ebi.ac.uk/vol1/run/ERR483/ERR4836413/sample101_S001_L001_R2_001.fastq.gz,8d226c53ae11da8f26926b64c6ad94cf,fastq/sample101_S001_L001_R2_001.fastq.gz
sample102,forward,ftp.sra.ebi.ac.uk/vol1/run/ERR483/ERR4836414/sample102_S001_L001_R1_001.fastq.gz,644e15012537f46569510d03f3f76bac,fastq/sample102_S001_L001_R1_001.fastq.gz
sample102,reverse,ftp.sra.ebi.ac.uk/vol1/run/ERR483/ERR4836414/sample102_S001_L001_R2_001.fastq.gz,ed6a3f73606344e92e68e32ea429e0e2,fastq/sample102_S001_L001_R2_001.fastq.gz
sample103,forward,ftp.sra.ebi.ac.uk/vol1/run/ERR483/ERR4836415/sample103_S001_L001_R1_001.fastq.gz,4281baacd8581324887fd0a23f074fbc,fastq/sample103_S001_L001_R1_001.fastq.gz
sample103,reverse,ftp.sra.ebi.ac.uk/vol1/run/ERR483/ERR4836415/sample103_S001_L001_R2_001.fastq.gz,d0a7e5e54eea6c908816a410c991de9b,fastq/sample103_S001_L001_R2_001.fastq.gz
sample104,forward,ftp.sra.ebi.ac.uk/vol1/run/ERR483/ERR4836416/sample104_S001_L001_R1_001.fastq.gz,f71cf655ee50c8a8ce13a30cd3a37201,fastq/sample104_S001_L001_R1_001.fastq.gz
sample104,reverse,ftp.sra.ebi.ac.uk/vol1/run/ERR483/ERR4836416/sample104_S001_L001_R2_001.fastq.gz,84697716321a11cf6dc092ecef192a47,fastq/sample104_S001_L001_R2_001.fastq.gz
sample105,forward,ftp.sra.ebi.ac.uk/vol1/run/ERR483/ERR4836417/sample105_S001_L001_R1_001.fastq.gz,0e1ac68da50d3500238d9b17c77b524b,fastq/sample105_S001_L001_R1_001.fastq.gz
sample105,reverse,ftp.sra.ebi.ac.uk/vol1/run/ERR483/ERR4836417/sample105_S001_L001_R2_001.fastq.gz,59a02b52fd0e8b5749cfe67683859a8a,fastq/sample105_S001_L001_R2_001.fastq.gz
sample106,forward,ftp.sra.ebi.ac.uk/vol1/run/ERR483/ERR4836418/sample106_S001_L001_R1_001.fastq.gz,f19cabbfe2e339c78680e5f127c7448e,fastq/sample106_S001_L001_R1_001.fastq.gz
sample106,reverse,ftp.sra.ebi.ac.uk/vol1/run/ERR483/ERR4836418/sample106_S001_L001_R2_001.fastq.gz,e93bb8b0e0c7009f13657dc0a215144f,fastq/sample106_S001_L001_R2_001.fastq.gz
sample107,forward,ftp.sra.ebi.ac.uk/vol1/run/ERR483/ERR4836419/sample107_S001_L001_R1_001.fastq.gz,36d5cc4d506cee0acbdbdb26e43e27e0,fastq/sample107_S001_L001_R1_001.fastq.gz
sample107,reverse,ftp.sra.ebi.ac.uk/vol1/run/ERR483/ERR4836419/sample107_S001_L001_R2_001.fastq.gz,34a5bcfd6d972433c027c7de6f15e938,fastq/sample107_S001_L001_R2_001.fastq.gz
sample108,forward,ftp.sra.ebi.ac.uk/vol1/run/ERR483/ERR4836420/sample108_S001_L001_R1_001.fastq.gz,6bd05f2191a7580f8594cb9dfdb4596a,fastq/sample108_S001_L001_R1_001.fastq.gz
sample108,reverse,ftp.sra.ebi.ac.uk/vol1/run/ERR483/ERR4836420/sample108_S001_L001_R2_001.fastq.gz,6d35159dfab7f93c6807f2ba67d56bdf,fastq/sample108_S001_L001_R2_001.fastq.gz
sample109,forward,ftp.sra.ebi.ac.uk/vol1/run/ERR483/ERR4836421/sample109_S001_L001_R1_001.fastq.gz,84e0c8689456fd2d58542a9c05de9461,fastq/sample109_S001_L001_R1_001.fastq.gz
sample109,reverse,ftp.sra.ebi.ac.uk/vol1/run/ERR483/ERR4836421/sample109_S001_L001_R2_001.fastq.gz,fbca351dd2c64afd872bec664dfa1f8f,fastq/sample109_S001_L001_R2_001.fastq.gz
sample110,forward,ftp.sra.ebi.ac.uk/vol1/run/ERR483/ERR4836422/sample110_S001_L001_R1_001.fastq.gz,9a06893a30aa0906200ab13bd7df59c8,fastq/sample110_S001_L001_R1_001.fastq.gz
sample110,reverse,ftp.sra.ebi.ac.uk/vol1/run/ERR483/ERR4836422/sample110_S001_L001_R2_001.fastq.gz,a0b7f309e50537441eddf2d6b01af3cc,fastq/sample110_S001_L001_R2_001.fastq.gz
sample111,forward,ftp.sra.ebi.ac.uk/vol1/run/ERR483/ERR4836423/sample111_S001_L001_R1_001.fastq.gz,73c139afbdd5d10c007a2e401a570305,fastq/sample111_S001_L001_R1_001.fastq.gz
sample111,reverse,ftp.sra.ebi.ac.uk/vol1/run/ERR483/ERR4836423/sample111_S001_L001_R2_001.fastq.gz,041900194bf86c8a7ce8a0f9f849c28f,fastq/sample111_S001_L001_R2_001.fastq.gz
sample112,forward,ftp.sra.ebi.ac.uk/vol1/run/ERR483/ERR4836424/sample112_S001_L001_R1_001.fastq.gz,77b1226a79c6fb66b203dad23486bba1,fastq/sample112_S001_L001_R1_001.fastq.gz
sample112,reverse,ftp.sra.ebi.ac.uk/vol1/run/ERR483/ERR4836424/sample112_S001_L001_R2_001.fastq.gz,8d23d40e3f3a31cf76a9298ec05bb4e9,fastq/sample112_S001_L001_R2_001.fastq.gz
sample113,forward,ftp.sra.ebi.ac.uk/vol1/run/ERR483/ERR4836425/sample113_S001_L001_R1_001.fastq.gz,f8c491b936b31c9f33086f5c714bfbae,fastq/sample113_S001_L001_R1_001.fastq.gz
sample113,reverse,ftp.sra.ebi.ac.uk/vol1/run/ERR483/ERR4836425/sample113_S001_L001_R2_001.fastq.gz,6221ef05a0ce32ae49fbcb0300b4bc4b,fastq/sample113_S001_L001_R2_001.fastq.gz
sample114,forward,ftp.sra.ebi.ac.uk/vol1/run/ERR483/ERR4836426/sample114_S001_L001_R1_001.fastq.gz,7d0a94e5deb3f19ff5ed56bdc5d8861e,fastq/sample114_S001_L001_R1_001.fastq.gz
sample114,reverse,ftp.sra.ebi.ac.uk/vol1/run/ERR483/ERR4836426/sample114_S001_L001_R2_001.fastq.gz,8eb61ac134d1dd9f84788ba9e56b104c,fastq/sample114_S001_L001_R2_001.fastq.gz
sample115,forward,ftp.sra.ebi.ac.uk/vol1/run/ERR483/ERR4836427/sample115_S001_L001_R1_001.fastq.gz,88579b295c8439107d3053ca9f75bb25,fastq/sample115_S001_L001_R1_001.fastq.gz
sample115,reverse,ftp.sra.ebi.ac.uk/vol1/run/ERR483/ERR4836427/sample115_S001_L001_R2_001.fastq.gz,892488d8f1aca74a338bf17df19db4b1,fastq/sample115_S001_L001_R2_001.fastq.gz
sample116,forward,ftp.sra.ebi.ac.uk/vol1/run/ERR483/ERR4836428/sample116_S001_L001_R1_001.fastq.gz,cf2840ca64fafd765ab7baea86fb2c77,fastq/sample116_S001_L001_R1_001.fastq.gz
sample116,reverse,ftp.sra.ebi.ac.uk/vol1/run/ERR483/ERR4836428/sample116_S001_L001_R2_001.fastq.gz,5fb2161f5f62492b1e26d689c042b312,fastq/sample116_S001_L001_R2_001.fastq.gz
sample117,forward,ftp.sra.ebi.ac.uk/vol1/run/ERR483/ERR4836429/sample117_S001_L001_R1_001.fastq.gz,e7032361512cdb5aa3c84a55cf0e7ba2,fastq/sample117_S001_L001_R1_001.fastq.gz
sample117,reverse,ftp.sra.ebi.ac.uk/vol1/run/ERR483/ERR4836429/sample117_S001_L001_R2_001.fastq.gz,0b6a65f130d90a785281bf484b9a6dd7,fastq/sample117_S001_L001_R2_001.fastq.gz
sample118,forward,ftp.sra.ebi.ac.uk/vol1/run/ERR483/ERR4836430/sample118_S001_L001_R1_001.fastq.gz,43e03de0b316382d9b94631bb939b6c7,fastq/sample118_S001_L001_R1_001.fastq.gz
sample118,reverse,ftp.sra.ebi.ac.uk/vol1/run/ERR483/ERR4836430/sample118_S001_L001_R2_001.fastq.gz,fc4c5bf30988d532b1e0d98a906b0ed4,fastq/sample118_S001_L001_R2_001.fastq.gz
sample119,forward,ftp.sra.ebi.ac.uk/vol1/run/ERR483/ERR4836431/sample119_S001_L001_R1_001.fastq.gz,b8f7fbb9f46f832545ea7e5d40312c54,fastq/sample119_S001_L001_R1_001.fastq.gz
sample119,reverse,ftp.sra.ebi.ac.uk/vol1/run/ERR483/ERR4836431/sample119_S001_L001_R2_001.fastq.gz,0d4e144e9d78cad5dfb3073734b45f50,fastq/sample119_S001_L001_R2_001.fastq.gz
sample120,forward,ftp.sra.ebi.ac.uk/vol1/run/ERR483/ERR4836623/sample120_S001_L001_R1_001.fastq.gz,2056c8a8e6c7e37d1005858bb6510966,fastq/sample120_S001_L001_R1_001.fastq.gz
sample120,reverse,ftp.sra.ebi.ac.uk/vol1/run/ERR483/ERR4836623/sample120_S001_L001_R2_001.fastq.gz,ae615d11811ab31fb8505c856256e6d9,fastq/sample120_S001_L001_R2_001.fastq.gz
sample121,forward,ftp.sra.ebi.ac.uk/vol1/run/ERR483/ERR4836432/sample121_S001_L001_R1_001.fastq.gz,fe541b50933905df0bc71b1d99ae63e0,fastq/sample121_S001_L001_R1_001.fastq.gz
sample121,reverse,ftp.sra.ebi.ac.uk/vol1/run/ERR483/ERR4836432/sample121_S001_L001_R2_001.fastq.gz,929391abf60352437e8731e46627c15b,fastq/sample121_S001_L001_R2_001.fastq.gz
sample122,forward,ftp.sra.ebi.ac.uk/vol1/run/ERR483/ERR4836433/sample122_S001_L001_R1_001.fastq.gz,310edcc6feaa0fd39db78b8b027f5dc7,fastq/sample122_S001_L001_R1_001.fastq.gz
sample122,reverse,ftp.sra.ebi.ac.uk/vol1/run/ERR483/ERR4836433/sample122_S001_L001_R2_001.fastq.gz,88cfa02a7d9044b39c04c2008540404c,fastq/sample122_S001_L001_R2_001.fastq.gz
sample123,forward,ftp.sra.ebi.ac.uk/vol1/run/ERR483/ERR4836434/sample123_S001_L001_R1_001.fastq.gz,9a974a9b0c2f8ca72cbf45c07035fa51,fastq/sample123_S001_L001_R1_001.fastq.gz
sample123,reverse,ftp.sra.ebi.ac.uk/vol1/run/ERR483/ERR4836434/sample123_S001_L001_R2_001.fastq.gz,7a501d0e097db3c183e0472f66752480,fastq/sample123_S001_L001_R2_001.fastq.gz
sample124,forward,ftp.sra.ebi.ac.uk/vol1/run/ERR483/ERR4836435/sample124_S001_L001_R1_001.fastq.gz,06cd03fe621131bb8d8acecd4c363284,fastq/sample124_S001_L001_R1_001.fastq.gz
sample124,reverse,ftp.sra.ebi.ac.uk/vol1/run/ERR483/ERR4836435/sample124_S001_L001_R2_001.fastq.gz,ab14480e33e232eac55932a00f7f3112,fastq/sample124_S001_L001_R2_001.fastq.gz
sample125,forward,ftp.sra.ebi.ac.uk/vol1/run/ERR483/ERR4836436/sample125_S001_L001_R1_001.fastq.gz,647e0d5710f0c61f09ba50e31cecf96b,fastq/sample125_S001_L001_R1_001.fastq.gz
sample125,reverse,ftp.sra.ebi.ac.uk/vol1/run/ERR483/ERR4836436/sample125_S001_L001_R2_001.fastq.gz,5cc9faafa6af5cbb71ba9636a6e65d63,fastq/sample125_S001_L001_R2_001.fastq.gz
sample126,forward,ftp.sra.ebi.ac.uk/vol1/run/ERR483/ERR4836437/sample126_S001_L001_R1_001.fastq.gz,18b9ffeb5e7308721a254306df97e5bf,fastq/sample126_S001_L001_R1_001.fastq.gz
sample126,reverse,ftp.sra.ebi.ac.uk/vol1/run/ERR483/ERR4836437/sample126_S001_L001_R2_001.fastq.gz,564da433f998b69442d0842fd529a972,fastq/sample126_S001_L001_R2_001.fastq.gz
sample127,forward,ftp.sra.ebi.ac.uk/vol1/run/ERR483/ERR4836438/sample127_S001_L001_R1_001.fastq.gz,ec5b00e0c2a3f6d24bb42be6a1115f9c,fastq/sample127_S001_L001_R1_001.fastq.gz
sample127,reverse,ftp.sra.ebi.ac.uk/vol1/run/ERR483/ERR4836438/sample127_S001_L001_R2_001.fastq.gz,fe721880f70d892eee82916dd63e400a,fastq/sample127_S001_L001_R2_001.fastq.gz
sample128,forward,ftp.sra.ebi.ac.uk/vol1/run/ERR483/ERR4836439/sample128_S001_L001_R1_001.fastq.gz,efe5e838f8c1b0081acb681101fb9b8e,fastq/sample128_S001_L001_R1_001.fastq.gz
sample128,reverse,ftp.sra.ebi.ac.uk/vol1/run/ERR483/ERR4836439/sample128_S001_L001_R2_001.fastq.gz,bc59ceefef9bed63ee112649c5c2e4e1,fastq/sample128_S001_L001_R2_001.fastq.gz
sample129,forward,ftp.sra.ebi.ac.uk/vol1/run/ERR483/ERR4836440/sample129_S001_L001_R1_001.fastq.gz,cd12f8c413f494d8e9e60ebabefd49db,fastq/sample129_S001_L001_R1_001.fastq.gz
sample129,reverse,ftp.sra.ebi.ac.uk/vol1/run/ERR483/ERR4836440/sample129_S001_L001_R2_001.fastq.gz,ba0d71114edb533dbcde6d348e7e7d29,fastq/sample129_S001_L001_R2_001.fastq.gz
sample130,forward,ftp.sra.ebi.ac.uk/vol1/run/ERR483/ERR4836441/sample130_S001_L001_R1_001.fastq.gz,b42f92ce404e615cfc93b11bdc9a0985,fastq/sample130_S001_L001_R1_001.fastq.gz
sample130,reverse,ftp.sra.ebi.ac.uk/vol1/run/ERR483/ERR4836441/sample130_S001_L001_R2_001.fastq.gz,81c1cf2aa29d4a4a031ffc22c8546ea0,fastq/sample130_S001_L001_R2_001.fastq.gz
sample131,forward,ftp.sra.ebi.ac.uk/vol1/run/ERR483/ERR4836442/sample131_S001_L001_R1_001.fastq.gz,9e4fcabe422f7614ad07d4f937b5aeaf,fastq/sample131_S001_L001_R1_001.fastq.gz
sample131,reverse,ftp.sra.ebi.ac.uk/vol1/run/ERR483/ERR4836442/sample131_S001_L001_R2_001.fastq.gz,11ebbf6d4b1f1420e8431b8da1e46762,fastq/sample131_S001_L001_R2_001.fastq.gz
sample132,forward,ftp.sra.ebi.ac.uk/vol1/run/ERR483/ERR4836443/sample132_S001_L001_R1_001.fastq.gz,6d41effcccdbf0674333422221e205e3,fastq/sample132_S001_L001_R1_001.fastq.gz
sample132,reverse,ftp.sra.ebi.ac.uk/vol1/run/ERR483/ERR4836443/sample132_S001_L001_R2_001.fastq.gz,45e9ee1af8f5da0895eaf647c696a44e,fastq/sample132_S001_L001_R2_001.fastq.gz
sample133,forward,ftp.sra.ebi.ac.uk/vol1/run/ERR483/ERR4836444/sample133_S001_L001_R1_001.fastq.gz,a50f3493cd873ac7aea1a8f87614b0ee,fastq/sample133_S001_L001_R1_001.fastq.gz
sample133,reverse,ftp.sra.ebi.ac.uk/vol1/run/ERR483/ERR4836444/sample133_S001_L001_R2_001.fastq.gz,eeb3a07d22f753b3d504f4a1f964f0ce,fastq/sample133_S001_L001_R2_001.fastq.gz
sample134,forward,ftp.sra.ebi.ac.uk/vol1/run/ERR483/ERR4836445/sample134_S001_L001_R1_001.fastq.gz,a9da34fc1cc03fa871a02956919166bc,fastq/sample134_S001_L001_R1_001.fastq.gz
sample134,reverse,ftp.sra.ebi.ac.uk/vol1/run/ERR483/ERR4836445/sample134_S001_L001_R2_001.fastq.gz,5cd119963095f859779d866461dbcb4a,fastq/sample134_S001_L001_R2_001.fastq.gz
sample135,forward,ftp.sra.ebi.ac.uk/vol1/run/ERR483/ERR4836446/sample135_S001_L001_R1_001.fastq.gz,6c676a57c2e702e9feadf8a2c96ff9b7,fastq/sample135_S001_L001_R1_001.fastq.gz
sample135,reverse,ftp.sra.ebi.ac.uk/vol1/run/ERR483/ERR4836446/sample135_S001_L001_R2_001.fastq.gz,13072e2062bc65532961aa052e963e0f,fastq/sample135_S001_L001_R2_001.fastq.gz
sample136,forward,ftp.sra.ebi.ac.uk/vol1/run/ERR483/ERR4836447/sample136_S001_L001_R1_001.fastq.gz,9c17ac07ee4a96c700ea5ac0dc722cfb,fastq/sample136_S001_L001_R1_001.fastq.gz
sample136,reverse,ftp.sra.ebi.ac.uk/vol1/run/ERR483/ERR4836447/sample136_S001_L001_R2_001.fastq.gz,069eaed140298ef339b705619a08a73a,fastq/sample136_S001_L001_R2_001.fastq.gz
sample137,forward,ftp.sra.ebi.ac.uk/vol1/run/ERR483/ERR4836448/sample137_S001_L001_R1_001.fastq.gz,92dc0f74c790466e3e853ed7c7040544,fastq/sample137_S001_L001_R1_001.fastq.gz
sample137,reverse,ftp.sra.ebi.ac.uk/vol1/run/ERR483/ERR4836448/sample137_S001_L001_R2_001.fastq.gz,2ea864fc9b229c19b16bd4c4db69df7e,fastq/sample137_S001_L001_R2_001.fastq.gz
sample138,forward,ftp.sra.ebi.ac.uk/vol1/run/ERR483/ERR4836449/sample138_S001_L001_R1_001.fastq.gz,96acdecf0d66a7c38fd2bdeb67c23345,fastq/sample138_S001_L001_R1_001.fastq.gz
sample138,reverse,ftp.sra.ebi.ac.uk/vol1/run/ERR483/ERR4836449/sample138_S001_L001_R2_001.fastq.gz,1976eb2026c21f492d4296960c57368e,fastq/sample138_S001_L001_R2_001.fastq.gz
sample139,forward,ftp.sra.ebi.ac.uk/vol1/run/ERR483/ERR4836450/sample139_S001_L001_R1_001.fastq.gz,77833bfdbc50fa1d7e249d43228af26a,fastq/sample139_S001_L001_R1_001.fastq.gz
sample139,reverse,ftp.sra.ebi.ac.uk/vol1/run/ERR483/ERR4836450/sample139_S001_L001_R2_001.fastq.gz,3b4d622402e723ebb23693e71f7f7ea1,fastq/sample139_S001_L001_R2_001.fastq.gz
sample140,forward,ftp.sra.ebi.ac.uk/vol1/run/ERR483/ERR4836451/sample140_S001_L001_R1_001.fastq.gz,f180dfb01f7ef504e4156356ba92d7f1,fastq/sample140_S001_L001_R1_001.fastq.gz
sample140,reverse,ftp.sra.ebi.ac.uk/vol1/run/ERR483/ERR4836451/sample140_S001_L001_R2_001.fastq.gz,005d318d9462e4e019321693f2578e4f,fastq/sample140_S001_L001_R2_001.fastq.gz
sample141,forward,ftp.sra.ebi.ac.uk/vol1/run/ERR483/ERR4836452/sample141_S001_L001_R1_001.fastq.gz,5b691ea8c8bfaf0ec3f53a848ae1639d,fastq/sample141_S001_L001_R1_001.fastq.gz
sample141,reverse,ftp.sra.ebi.ac.uk/vol1/run/ERR483/ERR4836452/sample141_S001_L001_R2_001.fastq.gz,870f8f1315a70f4d58dec6fc9e6499c6,fastq/sample141_S001_L001_R2_001.fastq.gz
sample142,forward,ftp.sra.ebi.ac.uk/vol1/run/ERR483/ERR4836453/sample142_S001_L001_R1_001.fastq.gz,082bf374eeaff7fdcba62f496a8ff40e,fastq/sample142_S001_L001_R1_001.fastq.gz
sample142,reverse,ftp.sra.ebi.ac.uk/vol1/run/ERR483/ERR4836453/sample142_S001_L001_R2_001.fastq.gz,d635a3b5dc9e55ae5f16fd74157ecdb9,fastq/sample142_S001_L001_R2_001.fastq.gz
sample143,forward,ftp.sra.ebi.ac.uk/vol1/run/ERR483/ERR4836454/sample143_S001_L001_R1_001.fastq.gz,70476445f643e84592748d068d53fa79,fastq/sample143_S001_L001_R1_001.fastq.gz
sample143,reverse,ftp.sra.ebi.ac.uk/vol1/run/ERR483/ERR4836454/sample143_S001_L001_R2_001.fastq.gz,f786960eefd9cb21d6ee75e08c7386cb,fastq/sample143_S001_L001_R2_001.fastq.gz
sample144,forward,ftp.sra.ebi.ac.uk/vol1/run/ERR483/ERR4836455/sample144_S001_L001_R1_001.fastq.gz,7c88197c4684146f294e8de64c713246,fastq/sample144_S001_L001_R1_001.fastq.gz
sample144,reverse,ftp.sra.ebi.ac.uk/vol1/run/ERR483/ERR4836455/sample144_S001_L001_R2_001.fastq.gz,08278657655bf51ff5a9c0c688d85895,fastq/sample144_S001_L001_R2_001.fastq.gz
sample145,forward,ftp.sra.ebi.ac.uk/vol1/run/ERR483/ERR4836456/sample145_S001_L001_R1_001.fastq.gz,dd21b70dcd435442cd9587dd04b5d382,fastq/sample145_S001_L001_R1_001.fastq.gz
sample145,reverse,ftp.sra.ebi.ac.uk/vol1/run/ERR483/ERR4836456/sample145_S001_L001_R2_001.fastq.gz,16bdb204094827a667b17dbbf49fa150,fastq/sample145_S001_L001_R2_001.fastq.gz
sample146,forward,ftp.sra.ebi.ac.uk/vol1/run/ERR483/ERR4836457/sample146_S001_L001_R1_001.fastq.gz,58977249a650c31a0ff0e46f5a9a08d2,fastq/sample146_S001_L001_R1_001.fastq.gz
sample146,reverse,ftp.sra.ebi.ac.uk/vol1/run/ERR483/ERR4836457/sample146_S001_L001_R2_001.fastq.gz,ee77ffb82e9e2d9779d6083f5447cdbf,fastq/sample146_S001_L001_R2_001.fastq.gz
sample147,forward,ftp.sra.ebi.ac.uk/vol1/run/ERR483/ERR4836458/sample147_S001_L001_R1_001.fastq.gz,066fa6047ff63cb735856652c37b51bf,fastq/sample147_S001_L001_R1_001.fastq.gz
sample147,reverse,ftp.sra.ebi.ac.uk/vol1/run/ERR483/ERR4836458/sample147_S001_L001_R2_001.fastq.gz,4ab801a30cff7f289f790188f58c2b30,fastq/sample147_S001_L001_R2_001.fastq.gz
sample148,forward,ftp.sra.ebi.ac.uk/vol1/run/ERR483/ERR4836459/sample148_S001_L001_R1_001.fastq.gz,458122e6aa3b2de31b44a6ecf0459a91,fastq/sample148_S001_L001_R1_001.fastq.gz
sample148,reverse,ftp.sra.ebi.ac.uk/vol1/run/ERR483/ERR4836459/sample148_S001_L001_R2_001.fastq.gz,da73d3d60b9321b176d88c67aea22e75,fastq/sample148_S001_L001_R2_001.fastq.gz
sample149,forward,ftp.sra.ebi.ac.uk/vol1/run/ERR483/ERR4836460/sample149_S001_L001_R1_001.fastq.gz,66d74be99aacb8402d84727fcd5b1ef8,fastq/sample149_S001_L001_R1_001.fastq.gz
sample149,reverse,ftp.sra.ebi.ac.uk/vol1/run/ERR483/ERR4836460/sample149_S001_L001_R2_001.fastq.gz,7d17350fcb2e7f09caa0160d5c1efd10,fastq/sample149_S001_L001_R2_001.fastq.gz
sample150,forward,ftp.sra.ebi.ac.uk/vol1/run/ERR483/ERR4836461/sample150_S001_L001_R1_001.fastq.gz,ecc74e0cdc9a9de3a2434f7ce316e0e6,fastq/sample150_S001_L001_R1_001.fastq.gz
sample150,reverse,ftp.sra.ebi.ac.uk/vol1/run/ERR483/ERR4836461/sample150_S001_L001_R2_001.fastq.gz,5cad5f61d8f30f5e63c78abfd6b0dc2d,fastq/sample150_S001_L001_R2_001.fastq.gz
sample151,forward,ftp.sra.ebi.ac.uk/vol1/run/ERR483/ERR4836462/sample151_S001_L001_R1_001.fastq.gz,d3361a378ac0cf6eb7de7ccda5eb5fee,fastq/sample151_S001_L001_R1_001.fastq.gz
sample151,reverse,ftp.sra.ebi.ac.uk/vol1/run/ERR483/ERR4836462/sample151_S001_L001_R2_001.fastq.gz,04f508bbb652a46331a5ad7b191481b6,fastq/sample151_S001_L001_R2_001.fastq.gz
sample152,forward,ftp.sra.ebi.ac.uk/vol1/run/ERR483/ERR4836463/sample152_S001_L001_R1_001.fastq.gz,7c6b74642f245147326d0cd45a49b73c,fastq/sample152_S001_L001_R1_001.fastq.gz
sample152,reverse,ftp.sra.ebi.ac.uk/vol1/run/ERR483/ERR4836463/sample152_S001_L001_R2_001.fastq.gz,ab6378f15af99b3c7960fb1ad982fb67,fastq/sample152_S001_L001_R2_001.fastq.gz
sample153,forward,ftp.sra.ebi.ac.uk/vol1/run/ERR483/ERR4836464/sample153_S001_L001_R1_001.fastq.gz,5bb3fe019e50fa9d5917a2522c8a9d42,fastq/sample153_S001_L001_R1_001.fastq.gz
sample153,reverse,ftp.sra.ebi.ac.uk/vol1/run/ERR483/ERR4836464/sample153_S001_L001_R2_001.fastq.gz,a72844430ed26a487af71f781a900ad2,fastq/sample153_S001_L001_R2_001.fastq.gz
sample154,forward,ftp.sra.ebi.ac.uk/vol1/run/ERR483/ERR4836465/sample154_S001_L001_R1_001.fastq.gz,27c406802bfd0bda9830fe52b311272d,fastq/sample154_S001_L001_R1_001.fastq.gz
sample154,reverse,ftp.sra.ebi.ac.uk/vol1/run/ERR483/ERR4836465/sample154_S001_L001_R2_001.fastq.gz,2c3b8c011a4c85585db52a36a90e6aef,fastq/sample154_S001_L001_R2_001.fastq.gz
sample155,forward,ftp.sra.ebi.ac.uk/vol1/run/ERR483/ERR4836466/sample155_S001_L001_R1_001.fastq.gz,4fb6c35fe8369b2cc60c3c0ef2903a9b,fastq/sample155_S001_L001_R1_001.fastq.gz
sample155,reverse,ftp.sra.ebi.ac.uk/vol1/run/ERR483/ERR4836466/sample155_S001_L001_R2_001.fastq.gz,706428450dec436e10e5b2225ff3c120,fastq/sample155_S001_L001_R2_001.fastq.gz
sample156,forward,ftp.sra.ebi.ac.uk/vol1/run/ERR483/ERR4836467/sample156_S001_L001_R1_001.fastq.gz,b4a040f6bafd9f2a36e73268233d6f25,fastq/sample156_S001_L001_R1_001.fastq.gz
sample156,reverse,ftp.sra.ebi.ac.uk/vol1/run/ERR483/ERR4836467/sample156_S001_L001_R2_001.fastq.gz,cae3268c1a5656fa894e2cf787e7abaf,fastq/sample156_S001_L001_R2_001.fastq.gz
sample157,forward,ftp.sra.ebi.ac.uk/vol1/run/ERR483/ERR4836468/sample157_S001_L001_R1_001.fastq.gz,7d1aa4983ec03c74efc2c32e98370daa,fastq/sample157_S001_L001_R1_001.fastq.gz
sample157,reverse,ftp.sra.ebi.ac.uk/vol1/run/ERR483/ERR4836468/sample157_S001_L001_R2_001.fastq.gz,1bb1d6c7e1fae826d4ea27b9c1eddecf,fastq/sample157_S001_L001_R2_001.fastq.gz
sample158,forward,ftp.sra.ebi.ac.uk/vol1/run/ERR483/ERR4836469/sample158_S001_L001_R1_001.fastq.gz,214fad01a4ed314fa81eb3e370f4e36f,fastq/sample158_S001_L001_R1_001.fastq.gz
sample158,reverse,ftp.sra.ebi.ac.uk/vol1/run/ERR483/ERR4836469/sample158_S001_L001_R2_001.fastq.gz,42a9cec84cad8941651bb95607016616,fastq/sample158_S001_L001_R2_001.fastq.gz
sample159,forward,ftp.sra.ebi.ac.uk/vol1/run/ERR483/ERR4836470/sample159_S001_L001_R1_001.fastq.gz,bb014caa1056d9529bbcc695c72999f9,fastq/sample159_S001_L001_R1_001.fastq.gz
sample159,reverse,ftp.sra.ebi.ac.uk/vol1/run/ERR483/ERR4836470/sample159_S001_L001_R2_001.fastq.gz,df9f266864bc6136e2596d42275b9ed2,fastq/sample159_S001_L001_R2_001.fastq.gz
sample160,forward,ftp.sra.ebi.ac.uk/vol1/run/ERR483/ERR4836471/sample160_S001_L001_R1_001.fastq.gz,937371751d0a65f81cc8afc4ffd167bd,fastq/sample160_S001_L001_R1_001.fastq.gz
sample160,reverse,ftp.sra.ebi.ac.uk/vol1/run/ERR483/ERR4836471/sample160_S001_L001_R2_001.fastq.gz,1b5de4a79b037292bcc3d2c6f8a7a090,fastq/sample160_S001_L001_R2_001.fastq.gz
sample161,forward,ftp.sra.ebi.ac.uk/vol1/run/ERR483/ERR4836472/sample161_S001_L001_R1_001.fastq.gz,9a60f058f8c66b28cfc0dae58d5234c9,fastq/sample161_S001_L001_R1_001.fastq.gz
sample161,reverse,ftp.sra.ebi.ac.uk/vol1/run/ERR483/ERR4836472/sample161_S001_L001_R2_001.fastq.gz,f544d3bf15591bd5c245abe71c6fdacc,fastq/sample161_S001_L001_R2_001.fastq.gz
sample162,forward,ftp.sra.ebi.ac.uk/vol1/run/ERR483/ERR4836473/sample162_S001_L001_R1_001.fastq.gz,e1593e0b3513859bfe6125d854cb9f0b,fastq/sample162_S001_L001_R1_001.fastq.gz
sample162,reverse,ftp.sra.ebi.ac.uk/vol1/run/ERR483/ERR4836473/sample162_S001_L001_R2_001.fastq.gz,053b33605050dba95ea447f3bb90a31b,fastq/sample162_S001_L001_R2_001.fastq.gz
sample163,forward,ftp.sra.ebi.ac.uk/vol1/run/ERR483/ERR4836474/sample163_S001_L001_R1_001.fastq.gz,5e109ebe4c95d57cf6772e96daa4ecc5,fastq/sample163_S001_L001_R1_001.fastq.gz
sample163,reverse,ftp.sra.ebi.ac.uk/vol1/run/ERR483/ERR4836474/sample163_S001_L001_R2_001.fastq.gz,c97b5de7fe90e443239f86e9bdb7403e,fastq/sample163_S001_L001_R2_001.fastq.gz
sample164,forward,ftp.sra.ebi.ac.uk/vol1/run/ERR483/ERR4836475/sample164_S001_L001_R1_001.fastq.gz,8f5628c922a0025d353be2868bc6655d,fastq/sample164_S001_L001_R1_001.fastq.gz
sample164,reverse,ftp.sra.ebi.ac.uk/vol1/run/ERR483/ERR4836475/sample164_S001_L001_R2_001.fastq.gz,ae28afe8f6ddd67fcae323e9e8966f21,fastq/sample164_S001_L001_R2_001.fastq.gz
sample165,forward,ftp.sra.ebi.ac.uk/vol1/run/ERR483/ERR4836476/sample165_S001_L001_R1_001.fastq.gz,e5064bdc681a835cff8b2d59c6ad0838,fastq/sample165_S001_L001_R1_001.fastq.gz
sample165,reverse,ftp.sra.ebi.ac.uk/vol1/run/ERR483/ERR4836476/sample165_S001_L001_R2_001.fastq.gz,b94e97fa0b6f9e823301e0c425b5e3db,fastq/sample165_S001_L001_R2_001.fastq.gz
sample166,forward,ftp.sra.ebi.ac.uk/vol1/run/ERR483/ERR4836477/sample166_S001_L001_R1_001.fastq.gz,c031d95cca60ecd9b1318a354d9b25b8,fastq/sample166_S001_L001_R1_001.fastq.gz
sample166,reverse,ftp.sra.ebi.ac.uk/vol1/run/ERR483/ERR4836477/sample166_S001_L001_R2_001.fastq.gz,61fb9522e5477df3577878cc7755a5e6,fastq/sample166_S001_L001_R2_001.fastq.gz
sample167,forward,ftp.sra.ebi.ac.uk/vol1/run/ERR483/ERR4836478/sample167_S001_L001_R1_001.fastq.gz,1df43fcf6193c07f6153d25743a7d3fe,fastq/sample167_S001_L001_R1_001.fastq.gz
sample167,reverse,ftp.sra.ebi.ac.uk/vol1/run/ERR483/ERR4836478/sample167_S001_L001_R2_001.fastq.gz,2ee37f35235997d7f7e492325c68917d,fastq/sample167_S001_L001_R2_001.fastq.gz
sample168,forward,ftp.sra.ebi.ac.uk/vol1/run/ERR483/ERR4836479/sample168_S001_L001_R1_001.fastq.gz,d1f3194277fd424daffada7905cc4d37,fastq/sample168_S001_L001_R1_001.fastq.gz
sample168,reverse,ftp.sra.ebi.ac.uk/vol1/run/ERR483/ERR4836479/sample168_S001_L001_R2_001.fastq.gz,a66b91a3e2b2b4102bce191e6c271008,fastq/sample168_S001_L001_R2_001.fastq.gz
sample169,forward,ftp.sra.ebi.ac.uk/vol1/run/ERR483/ERR4836480/sample169_S001_L001_R1_001.fastq.gz,837c7615d4926afad98150409eecfd92,fastq/sample169_S001_L001_R1_001.fastq.gz
sample169,reverse,ftp.sra.ebi.ac.uk/vol1/run/ERR483/ERR4836480/sample169_S001_L001_R2_001.fastq.gz,a24c299267a77ece1f38c28b19df349a,fastq/sample169_S001_L001_R2_001.fastq.gz
sample170,forward,ftp.sra.ebi.ac.uk/vol1/run/ERR483/ERR4836481/sample170_S001_L001_R1_001.fastq.gz,79eb76d2ca310515343ab6660aa57747,fastq/sample170_S001_L001_R1_001.fastq.gz
sample170,reverse,ftp.sra.ebi.ac.uk/vol1/run/ERR483/ERR4836481/sample170_S001_L001_R2_001.fastq.gz,c6f327f8070ab272432d639d01d0a4b7,fastq/sample170_S001_L001_R2_001.fastq.gz
sample171,forward,ftp.sra.ebi.ac.uk/vol1/run/ERR483/ERR4836482/sample171_S001_L001_R1_001.fastq.gz,d683a4d6786a0ab5484777367b270c05,fastq/sample171_S001_L001_R1_001.fastq.gz
sample171,reverse,ftp.sra.ebi.ac.uk/vol1/run/ERR483/ERR4836482/sample171_S001_L001_R2_001.fastq.gz,80ea773854400c95b1b610701ce0589f,fastq/sample171_S001_L001_R2_001.fastq.gz
sample172,forward,ftp.sra.ebi.ac.uk/vol1/run/ERR483/ERR4836483/sample172_S001_L001_R1_001.fastq.gz,583b409c000170d6ca5562961c67c926,fastq/sample172_S001_L001_R1_001.fastq.gz
sample172,reverse,ftp.sra.ebi.ac.uk/vol1/run/ERR483/ERR4836483/sample172_S001_L001_R2_001.fastq.gz,2a4411803dc174b03947faff521c4644,fastq/sample172_S001_L001_R2_001.fastq.gz
sample173,forward,ftp.sra.ebi.ac.uk/vol1/run/ERR483/ERR4836484/sample173_S001_L001_R1_001.fastq.gz,4fa2d4794703b2e2148e389b5b78453c,fastq/sample173_S001_L001_R1_001.fastq.gz
sample173,reverse,ftp.sra.ebi.ac.uk/vol1/run/ERR483/ERR4836484/sample173_S001_L001_R2_001.fastq.gz,32c6c71ba269b486aa9d790086bd2df4,fastq/sample173_S001_L001_R2_001.fastq.gz
sample174,forward,ftp.sra.ebi.ac.uk/vol1/run/ERR483/ERR4836485/sample174_S001_L001_R1_001.fastq.gz,7b86ffa2b34fb09901453b51ba5a36ff,fastq/sample174_S001_L001_R1_001.fastq.gz
sample174,reverse,ftp.sra.ebi.ac.uk/vol1/run/ERR483/ERR4836485/sample174_S001_L001_R2_001.fastq.gz,f2cf46f3d1a7c7e6192f89444a0a8ff7,fastq/sample174_S001_L001_R2_001.fastq.gz
sample175,forward,ftp.sra.ebi.ac.uk/vol1/run/ERR483/ERR4836486/sample175_S001_L001_R1_001.fastq.gz,34e4f8b6f92a48c6a48c0966250ded11,fastq/sample175_S001_L001_R1_001.fastq.gz
sample175,reverse,ftp.sra.ebi.ac.uk/vol1/run/ERR483/ERR4836486/sample175_S001_L001_R2_001.fastq.gz,f8c60aeeb07e32a952c44204b5c6bf7b,fastq/sample175_S001_L001_R2_001.fastq.gz
sample176,forward,ftp.sra.ebi.ac.uk/vol1/run/ERR483/ERR4836487/sample176_S001_L001_R1_001.fastq.gz,9fcb8af09f6f1bc22c43c1ce1e462eb0,fastq/sample176_S001_L001_R1_001.fastq.gz
sample176,reverse,ftp.sra.ebi.ac.uk/vol1/run/ERR483/ERR4836487/sample176_S001_L001_R2_001.fastq.gz,7441a1b9a7be530f9bfd0f39a3de5e86,fastq/sample176_S001_L001_R2_001.fastq.gz
sample177,forward,ftp.sra.ebi.ac.uk/vol1/run/ERR483/ERR4836488/sample177_S001_L001_R1_001.fastq.gz,140076d36ffb284f319563130409dc52,fastq/sample177_S001_L001_R1_001.fastq.gz
sample177,reverse,ftp.sra.ebi.ac.uk/vol1/run/ERR483/ERR4836488/sample177_S001_L001_R2_001.fastq.gz,ec4938c86f2ccac48fe94bba8cbb0107,fastq/sample177_S001_L001_R2_001.fastq.gz
sample178,forward,ftp.sra.ebi.ac.uk/vol1/run/ERR483/ERR4836489/sample178_S001_L001_R1_001.fastq.gz,6f0fa2a8b315ad77997cc878455bc1c0,fastq/sample178_S001_L001_R1_001.fastq.gz
sample178,reverse,ftp.sra.ebi.ac.uk/vol1/run/ERR483/ERR4836489/sample178_S001_L001_R2_001.fastq.gz,0c7dc4f7b7da03f20ba6c2cdb5834a41,fastq/sample178_S001_L001_R2_001.fastq.gz
sample179,forward,ftp.sra.ebi.ac.uk/vol1/run/ERR483/ERR4836490/sample179_S001_L001_R1_001.fastq.gz,bf5222d132fd718005c01ee6c73b82ef,fastq/sample179_S001_L001_R1_001.fastq.gz
sample179,reverse,ftp.sra.ebi.ac.uk/vol1/run/ERR483/ERR4836490/sample179_S001_L001_R2_001.fastq.gz,9735c76e8b00835572bf5e29ecb3be15,fastq/sample179_S001_L001_R2_001.fastq.gz
sample180,forward,ftp.sra.ebi.ac.uk/vol1/run/ERR483/ERR4836491/sample180_S001_L001_R1_001.fastq.gz,23891aeacb9e66127fa9069934c71ac4,fastq/sample180_S001_L001_R1_001.fastq.gz
sample180,reverse,ftp.sra.ebi.ac.uk/vol1/run/ERR483/ERR4836491/sample180_S001_L001_R2_001.fastq.gz,80b7fbdce8b083f45ffe0286682d688a,fastq/sample180_S001_L001_R2_001.fastq.gz
sample181,forward,ftp.sra.ebi.ac.uk/vol1/run/ERR483/ERR4836492/sample181_S001_L001_R1_001.fastq.gz,7d942224b1d3704b6848b385e206f2f9,fastq/sample181_S001_L001_R1_001.fastq.gz
sample181,reverse,ftp.sra.ebi.ac.uk/vol1/run/ERR483/ERR4836492/sample181_S001_L001_R2_001.fastq.gz,5c65c7252baf009e5597c8f9fb27e999,fastq/sample181_S001_L001_R2_001.fastq.gz
sample182,forward,ftp.sra.ebi.ac.uk/vol1/run/ERR483/ERR4836493/sample182_S001_L001_R1_001.fastq.gz,1f5463eb1bf6d829600b6df4f1fc1f00,fastq/sample182_S001_L001_R1_001.fastq.gz
sample182,reverse,ftp.sra.ebi.ac.uk/vol1/run/ERR483/ERR4836493/sample182_S001_L001_R2_001.fastq.gz,38817604e92b0d34875c3cac355b813e,fastq/sample182_S001_L001_R2_001.fastq.gz
sample183,forward,ftp.sra.ebi.ac.uk/vol1/run/ERR483/ERR4836494/sample183_S001_L001_R1_001.fastq.gz,0179a3ccd889b18a82040620e61503f6,fastq/sample183_S001_L001_R1_001.fastq.gz
sample183,reverse,ftp.sra.ebi.ac.uk/vol1/run/ERR483/ERR4836494/sample183_S001_L001_R2_001.fastq.gz,b679dc7cd5bc53e36b3951e6cd075915,fastq/sample183_S001_L001_R2_001.fastq.gz
sample184,forward,ftp.sra.ebi.ac.uk/vol1/run/ERR483/ERR4836495/sample184_S001_L001_R1_001.fastq.gz,1f559e1ae7dad4e654d5e6e34ed2a388,fastq/sample184_S001_L001_R1_001.fastq.gz
sample184,reverse,ftp.sra.ebi.ac.uk/vol1/run/ERR483/ERR4836495/sample184_S001_L001_R2_001.fastq.gz,992dd6eb14d54eda20bf8ee5e0015620,fastq/sample184_S001_L001_R2_001.fastq.gz
sample185,forward,ftp.sra.ebi.ac.uk/vol1/run/ERR483/ERR4836496/sample185_S001_L001_R1_001.fastq.gz,59daee48d28084ea5a92400fedd9e6c7,fastq/sample185_S001_L001_R1_001.fastq.gz
sample185,reverse,ftp.sra.ebi.ac.uk/vol1/run/ERR483/ERR4836496/sample185_S001_L001_R2_001.fastq.gz,dda30f57c4ef9aedb382b02f985cb3d0,fastq/sample185_S001_L001_R2_001.fastq.gz
sample186,forward,ftp.sra.ebi.ac.uk/vol1/run/ERR483/ERR4836497/sample186_S001_L001_R1_001.fastq.gz,b336d6ca37dfa170667fa5a27de3ea39,fastq/sample186_S001_L001_R1_001.fastq.gz
sample186,reverse,ftp.sra.ebi.ac.uk/vol1/run/ERR483/ERR4836497/sample186_S001_L001_R2_001.fastq.gz,b079b8fe199a133ab427a6b7b6cf8fa0,fastq/sample186_S001_L001_R2_001.fastq.gz
sample187,forward,ftp.sra.ebi.ac.uk/vol1/run/ERR483/ERR4836498/sample187_S001_L001_R1_001.fastq.gz,2354be80a6dfeb2c498e346485392572,fastq/sample187_S001_L001_R1_001.fastq.gz
sample187,reverse,ftp.sra.ebi.ac.uk/vol1/run/ERR483/ERR4836498/sample187_S001_L001_R2_001.fastq.gz,05118bd98ee4b1003d3453f3c954a143,fastq/sample187_S001_L001_R2_001.fastq.gz
sample188,forward,ftp.sra.ebi.ac.uk/vol1/run/ERR483/ERR4836499/sample188_S001_L001_R1_001.fastq.gz,2d59b05a93ac7a6b786bb91405bf970e,fastq/sample188_S001_L001_R1_001.fastq.gz
sample188,reverse,ftp.sra.ebi.ac.uk/vol1/run/ERR483/ERR4836499/sample188_S001_L001_R2_001.fastq.gz,ec763ca58e6500624bdfa358bfe1953b,fastq/sample188_S001_L001_R2_001.fastq.gz
sample189,forward,ftp.sra.ebi.ac.uk/vol1/run/ERR483/ERR4836500/sample189_S001_L001_R1_001.fastq.gz,159d7a21be01f1edba1f73f0e31206e8,fastq/sample189_S001_L001_R1_001.fastq.gz
sample189,reverse,ftp.sra.ebi.ac.uk/vol1/run/ERR483/ERR4836500/sample189_S001_L001_R2_001.fastq.gz,7e505a1c9de11b8bcdddf5439f65001e,fastq/sample189_S001_L001_R2_001.fastq.gz
sample190,forward,ftp.sra.ebi.ac.uk/vol1/run/ERR483/ERR4836501/sample190_S001_L001_R1_001.fastq.gz,f29500b2fe36ee29addb2dddbf0494e5,fastq/sample190_S001_L001_R1_001.fastq.gz
sample190,reverse,ftp.sra.ebi.ac.uk/vol1/run/ERR483/ERR4836501/sample190_S001_L001_R2_001.fastq.gz,8bf6e616a23e0647099dcd50e0fbd789,fastq/sample190_S001_L001_R2_001.fastq.gz
sample191,forward,ftp.sra.ebi.ac.uk/vol1/run/ERR483/ERR4836502/sample191_S001_L001_R1_001.fastq.gz,5688ea8f1b003c0d062d51ea2d6f80a4,fastq/sample191_S001_L001_R1_001.fastq.gz
sample191,reverse,ftp.sra.ebi.ac.uk/vol1/run/ERR483/ERR4836502/sample191_S001_L001_R2_001.fastq.gz,0f13d105234d203a56859f9895f1cc87,fastq/sample191_S001_L001_R2_001.fastq.gz
sample192,forward,ftp.sra.ebi.ac.uk/vol1/run/ERR483/ERR4836503/sample192_S001_L001_R1_001.fastq.gz,01931c001906aed11bc21ed6748a00da,fastq/sample192_S001_L001_R1_001.fastq.gz
sample192,reverse,ftp.sra.ebi.ac.uk/vol1/run/ERR483/ERR4836503/sample192_S001_L001_R2_001.fastq.gz,01d4020fdadf258449cd8a121ed60d4e,fastq/sample192_S001_L001_R2_001.fastq.gz
sample193,forward,ftp.sra.ebi.ac.uk/vol1/run/ERR483/ERR4836504/sample193_S001_L001_R1_001.fastq.gz,881d02d20080bad80db4ba63c91a205a,fastq/sample193_S001_L001_R1_001.fastq.gz
sample193,reverse,ftp.sra.ebi.ac.uk/vol1/run/ERR483/ERR4836504/sample193_S001_L001_R2_001.fastq.gz,e9ccfe196ef06b14cc29f6e9eec52865,fastq/sample193_S001_L001_R2_001.fastq.gz
sample194,forward,ftp.sra.ebi.ac.uk/vol1/run/ERR483/ERR4836505/sample194_S001_L001_R1_001.fastq.gz,ad13f7eb955757a9f7a1faf33473beba,fastq/sample194_S001_L001_R1_001.fastq.gz
sample194,reverse,ftp.sra.ebi.ac.uk/vol1/run/ERR483/ERR4836505/sample194_S001_L001_R2_001.fastq.gz,8c58e56fbe8d118f9d6d2afd8c20f8c3,fastq/sample194_S001_L001_R2_001.fastq.gz
sample195,forward,ftp.sra.ebi.ac.uk/vol1/run/ERR483/ERR4836617/sample195_S001_L001_R1_001.fastq.gz,8f59d8cd1d042b888ad6c4577a18e3ca,fastq/sample195_S001_L001_R1_001.fastq.gz
sample195,reverse,ftp.sra.ebi.ac.uk/vol1/run/ERR483/ERR4836617/sample195_S001_L001_R2_001.fastq.gz,e185994c4c2b4e3cfc3e40b43b03b57d,fastq/sample195_S001_L001_R2_001.fastq.gz
sample196,forward,ftp.sra.ebi.ac.uk/vol1/run/ERR483/ERR4836618/sample196_S001_L001_R1_001.fastq.gz,418b5e378f4377755ed0bc163676a7cd,fastq/sample196_S001_L001_R1_001.fastq.gz
sample196,reverse,ftp.sra.ebi.ac.uk/vol1/run/ERR483/ERR4836618/sample196_S001_L001_R2_001.fastq.gz,6ec98389c132d270249687047ccbacf6,fastq/sample196_S001_L001_R2_001.fastq.gz
sample197,forward,ftp.sra.ebi.ac.uk/vol1/run/ERR483/ERR4836619/sample197_S001_L001_R1_001.fastq.gz,6c2a06902e39214de6672a400bf38d7c,fastq/sample197_S001_L001_R1_001.fastq.gz
sample197,reverse,ftp.sra.ebi.ac.uk/vol1/run/ERR483/ERR4836619/sample197_S001_L001_R2_001.fastq.gz,7bc6b7cb68a7efa53815520512443e15,fastq/sample197_S001_L001_R2_001.fastq.gz
sample198,forward,ftp.sra.ebi.ac.uk/vol1/run/ERR483/ERR4836620/sample198_S001_L001_R1_001.fastq.gz,d31a0ab21688172236df1bbc9780f1ea,fastq/sample198_S001_L001_R1_001.fastq.gz
sample198,reverse,ftp.sra.ebi.ac.uk/vol1/run/ERR483/ERR4836620/sample198_S001_L001_R2_001.fastq.gz,6355f1dd9b9edfee672c074fedd196fe,fastq/sample198_S001_L001_R2_001.fastq.gz
sample199,forward,ftp.sra.ebi.ac.uk/vol1/run/ERR483/ERR4836621/sample199_S001_L001_R1_001.fastq.gz,03fd7aca1931ddacefadba6e0da4413c,fastq/sample199_S001_L001_R1_001.fastq.gz
sample199,reverse,ftp.sra.ebi.ac.uk/vol1/run/ERR483/ERR4836621/sample199_S001_L001_R2_001.fastq.gz,79bcc9243731b3818bd2ba71e1f1c90a,fastq/sample199_S001_L001_R2_001.fastq.gz
sample200,forward,ftp.sra.ebi.ac.uk/vol1/run/ERR483/ERR4836622/sample200_S001_L001_R1_001.fastq.gz,159b9c93c90a4193c5c4279c4e095417,fastq/sample200_S001_L001_R1_001.fastq.gz
sample200,reverse,ftp.sra.ebi.ac.uk/vol1/run/ERR483/ERR4836622/sample200_S001_L001_R2_001.fastq.gz,340bfafde1392b7c7d55a88361c73c4e,fastq/sample200_S001_L001_R2_001.fastq.gz
